taxon_oid	Name	Classification	Root-NotRoot	Taxonomic_Group	IMG_Phylum	IMG_Class	IMG_Order	IMG_Family	IMG_Genus	Isolation_Site
2582581295	Acinetobacter_calcoaceticus_WP19	PA	PA	Acinetobacter	Proteobacteria	Gammaproteobacteria	Pseudomonadales	Moraxellaceae	Acinetobacter	Populus
2615840642	Acinetobacter_sp._YR461	PA	PA	Acinetobacter	Proteobacteria	Gammaproteobacteria	Pseudomonadales	Moraxellaceae	Acinetobacter	Populus
2551306352	Acinetobacter_sp._GG2	PA	PA	Acinetobacter	Proteobacteria	Gammaproteobacteria	Pseudomonadales	Moraxellaceae	Acinetobacter	Unknown
2643221895	Acinetobacter_sp._Leaf130	PA	PA	Acinetobacter	Proteobacteria	Gammaproteobacteria	Pseudomonadales	Moraxellaceae	Acinetobacter	Cologne
2609459760	Microbacterium_sp._CF046	PA	PA	Actinobacteria_one	Actinobacteria	Actinobacteria	Actinomycetales	Microbacteriaceae	Microbacterium	Populus
2609459766	Microbacterium_sp._CF332	PA	PA	Actinobacteria_one	Actinobacteria	Actinobacteria	Actinomycetales	Microbacteriaceae	Microbacterium	Populus
2585428157	Microbacterium_sp._CF335	PA	PA	Actinobacteria_one	Actinobacteria	Actinobacteria	Actinomycetales	Microbacteriaceae	Microbacterium	Populus
2643221872	Agreia_sp._Leaf283	PA	PA	Actinobacteria_one	Actinobacteria	Actinobacteria	Micrococcales	Microbacteriaceae	Agreia	Cologne
2643221748	Agreia_sp._Leaf210	PA	PA	Actinobacteria_one	Actinobacteria	Actinobacteria	Micrococcales	Microbacteriaceae	Agreia	Cologne
2643221787	Agreia_sp._Leaf244	PA	PA	Actinobacteria_one	Actinobacteria	Actinobacteria	Micrococcales	Microbacteriaceae	Agreia	Cologne
2643221902	Agreia_sp._Leaf335	PA	PA	Actinobacteria_one	Actinobacteria	Actinobacteria	Micrococcales	Microbacteriaceae	Agreia	Cologne
2643221754	Agromyces_sp._Leaf222	PA	PA	Actinobacteria_one	Actinobacteria	Actinobacteria	Micrococcales	Microbacteriaceae	Agromyces	Cologne
2643221904	Curtobacterium_sp._Leaf154	PA	PA	Actinobacteria_one	Actinobacteria	Actinobacteria	Micrococcales	Microbacteriaceae	Curtobacterium	Cologne
2643221815	Curtobacterium_sp._Leaf183	PA	PA	Actinobacteria_one	Actinobacteria	Actinobacteria	Micrococcales	Microbacteriaceae	Curtobacterium	Cologne
2643221840	Curtobacterium_sp._Leaf261	PA	PA	Actinobacteria_one	Actinobacteria	Actinobacteria	Micrococcales	Microbacteriaceae	Curtobacterium	Cologne
2643221770	Frigoribacterium_sp._Leaf44	PA	PA	Actinobacteria_one	Actinobacteria	Actinobacteria	Micrococcales	Microbacteriaceae	Frigoribacterium	Cologne
2643221922	Frigoribacterium_sp._Leaf186	PA	PA	Actinobacteria_one	Actinobacteria	Actinobacteria	Micrococcales	Microbacteriaceae	Frigoribacterium	Cologne
2643221741	Frigoribacterium_sp._Leaf8	PA	PA	Actinobacteria_one	Actinobacteria	Actinobacteria	Micrococcales	Microbacteriaceae	Frigoribacterium	Cologne
2643221908	Frigoribacterium_sp._Leaf164	PA	PA	Actinobacteria_one	Actinobacteria	Actinobacteria	Micrococcales	Microbacteriaceae	Frigoribacterium	Cologne
2643221912	Frigoribacterium_sp._Leaf172	PA	PA	Actinobacteria_one	Actinobacteria	Actinobacteria	Micrococcales	Microbacteriaceae	Frigoribacterium	Cologne
2643221862	Frigoribacterium_sp._Leaf263	PA	PA	Actinobacteria_one	Actinobacteria	Actinobacteria	Micrococcales	Microbacteriaceae	Frigoribacterium	Cologne
2643221827	Frigoribacterium_sp._Leaf415	PA	PA	Actinobacteria_one	Actinobacteria	Actinobacteria	Micrococcales	Microbacteriaceae	Frigoribacterium	Cologne
2643221887	Frondihabitans_sp._Leaf304	PA	PA	Actinobacteria_one	Actinobacteria	Actinobacteria	Micrococcales	Microbacteriaceae	Frondihabitans	Cologne
2643221910	Leifsonia_sp._Leaf336	PA	PA	Actinobacteria_one	Actinobacteria	Actinobacteria	Micrococcales	Microbacteriaceae	Leifsonia	Cologne
2643221865	Leifsonia_sp._Leaf264	PA	PA	Actinobacteria_one	Actinobacteria	Actinobacteria	Micrococcales	Microbacteriaceae	Leifsonia	Cologne
2643221897	Leifsonia_sp._Leaf325	PA	PA	Actinobacteria_one	Actinobacteria	Actinobacteria	Micrococcales	Microbacteriaceae	Leifsonia	Cologne
2643221803	Microbacterium_sp._Leaf288	PA	PA	Actinobacteria_one	Actinobacteria	Actinobacteria	Micrococcales	Microbacteriaceae	Microbacterium	Cologne
2643221903	Microbacterium_sp._Leaf151	PA	PA	Actinobacteria_one	Actinobacteria	Actinobacteria	Micrococcales	Microbacteriaceae	Microbacterium	Cologne
2643221811	Microbacterium_sp._Leaf351	PA	PA	Actinobacteria_one	Actinobacteria	Actinobacteria	Micrococcales	Microbacteriaceae	Microbacterium	Cologne
2643221906	Microbacterium_sp._Leaf159	PA	PA	Actinobacteria_one	Actinobacteria	Actinobacteria	Micrococcales	Microbacteriaceae	Microbacterium	Cologne
2643221894	Microbacterium_sp._Leaf320	PA	PA	Actinobacteria_one	Actinobacteria	Actinobacteria	Micrococcales	Microbacteriaceae	Microbacterium	Cologne
2643221918	Microbacterium_sp._Leaf179	PA	PA	Actinobacteria_one	Actinobacteria	Actinobacteria	Micrococcales	Microbacteriaceae	Microbacterium	Cologne
2643221919	Microbacterium_sp._Leaf347	PA	PA	Actinobacteria_one	Actinobacteria	Actinobacteria	Micrococcales	Microbacteriaceae	Microbacterium	Cologne
2643221745	Microbacterium_sp._Leaf203	PA	PA	Actinobacteria_one	Actinobacteria	Actinobacteria	Micrococcales	Microbacteriaceae	Microbacterium	Cologne
2643221911	Plantibacter_sp._Leaf171	PA	PA	Actinobacteria_one	Actinobacteria	Actinobacteria	Micrococcales	Microbacteriaceae	Plantibacter	Cologne
2643221893	Plantibacter_sp._Leaf314	PA	PA	Actinobacteria_one	Actinobacteria	Actinobacteria	Micrococcales	Microbacteriaceae	Plantibacter	Cologne
2643221885	Rathayibacter_sp._Leaf299	PA	PA	Actinobacteria_one	Actinobacteria	Actinobacteria	Micrococcales	Microbacteriaceae	Rathayibacter	Cologne
2643221883	Rathayibacter_sp._Leaf296	PA	PA	Actinobacteria_one	Actinobacteria	Actinobacteria	Micrococcales	Microbacteriaceae	Rathayibacter	Cologne
2643221880	Rathayibacter_sp._Leaf294	PA	PA	Actinobacteria_one	Actinobacteria	Actinobacteria	Micrococcales	Microbacteriaceae	Rathayibacter	Cologne
2582580973	Clavibacter_cf._michiganensis_LMG_26808	PA	PA	Actinobacteria_one	Actinobacteria	Actinobacteria	Micrococcales	Microbacteriaceae	Clavibacter	Unknown
640427108	Clavibacter_michiganensis_michiganensis_NCPPB_382	PA	PA	Actinobacteria_one	Actinobacteria	Actinobacteria	Actinomycetales	Microbacteriaceae	Clavibacter	Unknown
2540341046	Clavibacter_michiganensis_nebraskensis_NCPPB_2581	PA	PA	Actinobacteria_one	Actinobacteria	Actinobacteria	Actinomycetales	Microbacteriaceae	Clavibacter	Unknown
642555124	Clavibacter_michiganensis_sepedonicus_ATCC_33113	PA	PA	Actinobacteria_one	Actinobacteria	Actinobacteria	Actinomycetales	Microbacteriaceae	Clavibacter	Unknown
2554235749	Leifsonia_xyli_cynodontis_DSM_46306	PA	PA	Actinobacteria_one	Actinobacteria	Actinobacteria	Actinomycetales	Microbacteriaceae	Leifsonia	Unknown
2623620936	Leifsonia_xyli_xyli_CTCB07	PA	PA	Actinobacteria_one	Actinobacteria	Actinobacteria	Micrococcales	Microbacteriaceae	Leifsonia	Unknown
2551306110	Microbacterium_barkeri_2011-R4	PA	PA	Actinobacteria_one	Actinobacteria	Actinobacteria	Actinomycetales	Microbacteriaceae	Microbacterium	Unknown
2576861779	Microbacterium_oleivorans_RIT293	PA	PA	Actinobacteria_one	Actinobacteria	Actinobacteria	Actinomycetales	Microbacteriaceae	Microbacterium	Unknown
2579778925	Microbacterium_paraoxydans_DH1b	PA	PA	Actinobacteria_one	Actinobacteria	Actinobacteria	Actinomycetales	Microbacteriaceae	Microbacterium	Unknown
2608642165	Microbacterium_sp._RU370.1	PA	PA	Actinobacteria_one	Actinobacteria	Actinobacteria	Actinomycetales	Microbacteriaceae	Microbacterium	Unknown
650716057	Microbacterium_testaceum_StLB037	PA	PA	Actinobacteria_one	Actinobacteria	Actinobacteria	Actinomycetales	Microbacteriaceae	Microbacterium	Unknown
2524023208	Rathayibacter_toxicus_DSM_7488	PA	PA	Actinobacteria_one	Actinobacteria	Actinobacteria	Actinomycetales	Microbacteriaceae	Rathayibacter	Unknown
2615840536	Arthrobacter_sp._CF158	PA	PA	Actinobacteria_one	Actinobacteria	Actinobacteria	Actinomycetales	Micrococcaceae	Arthrobacter	Populus
2609459768	Arthrobacter_sp._OK362	PA	PA	Actinobacteria_one	Actinobacteria	Actinobacteria	Actinomycetales	Micrococcaceae	Arthrobacter	Populus
2609459742	Arthrobacter_sp._OK909	PA	PA	Actinobacteria_one	Actinobacteria	Actinobacteria	Actinomycetales	Micrococcaceae	Arthrobacter	Populus
2609459726	Arthrobacter_sp._OV118	PA	PA	Actinobacteria_one	Actinobacteria	Actinobacteria	Actinomycetales	Micrococcaceae	Arthrobacter	Populus
2609459738	Arthrobacter_sp._OV407	PA	PA	Actinobacteria_one	Actinobacteria	Actinobacteria	Actinomycetales	Micrococcaceae	Arthrobacter	Populus
2615840638	Arthrobacter_sp._YR096	PA	PA	Actinobacteria_one	Actinobacteria	Actinobacteria	Actinomycetales	Micrococcaceae	Arthrobacter	Populus
2643221899	Arthrobacter_sp._Leaf145	PA	PA	Actinobacteria_one	Actinobacteria	Actinobacteria	Micrococcales	Micrococcaceae	Arthrobacter	Cologne
2643221810	Arthrobacter_sp._Leaf141	PA	PA	Actinobacteria_one	Actinobacteria	Actinobacteria	Micrococcales	Micrococcaceae	Arthrobacter	Cologne
2643221808	Arthrobacter_sp._Leaf137	PA	PA	Actinobacteria_one	Actinobacteria	Actinobacteria	Micrococcales	Micrococcaceae	Arthrobacter	Cologne
2643221913	Arthrobacter_sp._Leaf337	PA	PA	Actinobacteria_one	Actinobacteria	Actinobacteria	Micrococcales	Micrococcaceae	Arthrobacter	Cologne
2643221781	Arthrobacter_sp._Leaf69	PA	PA	Actinobacteria_one	Actinobacteria	Actinobacteria	Micrococcales	Micrococcaceae	Arthrobacter	Cologne
2643221784	Arthrobacter_sp._Leaf234	PA	PA	Actinobacteria_one	Actinobacteria	Actinobacteria	Micrococcales	Micrococcaceae	Arthrobacter	Cologne
2554235227	Arthrobacter_sp._PAO19	PA	PA	Actinobacteria_one	Actinobacteria	Actinobacteria	Actinomycetales	Micrococcaceae	Arthrobacter	Unknown
2562617128	Kocuria_palustris_TAGA27	PA	PA	Actinobacteria_one	Actinobacteria	Actinobacteria	Actinomycetales	Micrococcaceae	Kocuria	Unknown
642555133	Kocuria_rhizophila_DC2201	PA	PA	Actinobacteria_one	Actinobacteria	Actinobacteria	Actinomycetales	Micrococcaceae	Kocuria	Unknown
2630968475	Arthrobacter_chlorophenolicus_Mor30.16	PA	PA	Actinobacteria_one	Actinobacteria	Actinobacteria	Micrococcales	Micrococcaceae	Arthrobacter	Unknown
2643221957	Rhodococcus_sp._Leaf278	PA	PA	Actinobacteria_two	Actinobacteria	Actinobacteria	Corynebacteriales	Nocardiaceae	Rhodococcus	Cologne
2643221954	Rhodococcus_sp._Leaf233	PA	PA	Actinobacteria_two	Actinobacteria	Actinobacteria	Corynebacteriales	Nocardiaceae	Rhodococcus	Cologne
2643221956	Rhodococcus_sp._Leaf258	PA	PA	Actinobacteria_two	Actinobacteria	Actinobacteria	Corynebacteriales	Nocardiaceae	Rhodococcus	Cologne
2643221955	Rhodococcus_sp._Leaf247	PA	PA	Actinobacteria_two	Actinobacteria	Actinobacteria	Corynebacteriales	Nocardiaceae	Rhodococcus	Cologne
2563367078	Nocardia_jiangxiensis_NBRC_101359	PA	PA	Actinobacteria_two	Actinobacteria	Actinobacteria	Actinomycetales	Nocardiaceae	Nocardia	Unknown
2547132424	Nocardia_nova_SH22a_(NONO)	PA	PA	Actinobacteria_two	Actinobacteria	Actinobacteria	Actinomycetales	Nocardiaceae	Nocardia	Unknown
2521172603	Nocardia_sp._BMG111209	PA	PA	Actinobacteria_two	Actinobacteria	Actinobacteria	Actinomycetales	Nocardiaceae	Nocardia	Unknown
2545824538	Nocardia_sp._BMG51109	PA	PA	Actinobacteria_two	Actinobacteria	Actinobacteria	Actinomycetales	Nocardiaceae	Nocardia	Unknown
2597490086	Rhodococcus_erythropolis_R138	PA	PA	Actinobacteria_two	Actinobacteria	Actinobacteria	Actinomycetales	Nocardiaceae	Rhodococcus	Unknown
2609460256	Rhodococcus_fascians_A22b	PA	PA	Actinobacteria_two	Actinobacteria	Actinobacteria	Actinomycetales	Nocardiaceae	Rhodococcus	Unknown
2565956761	Rhodococcus_qingshengii_BKS_20-40	PA	PA	Actinobacteria_two	Actinobacteria	Actinobacteria	Actinomycetales	Nocardiaceae	Rhodococcus	Unknown
2643221878	Aeromicrobium_sp._Leaf291	PA	PA	Actinobacteria_one	Actinobacteria	Actinobacteria	Propionibacteriales	Nocardioidaceae	Aeromicrobium	Cologne
2643221834	Aeromicrobium_sp._Leaf245	PA	PA	Actinobacteria_one	Actinobacteria	Actinobacteria	Propionibacteriales	Nocardioidaceae	Aeromicrobium	Cologne
2643221800	Aeromicrobium_sp._Leaf272	PA	PA	Actinobacteria_one	Actinobacteria	Actinobacteria	Propionibacteriales	Nocardioidaceae	Aeromicrobium	Cologne
2643221831	Marmoricola_sp._Leaf446	PA	PA	Actinobacteria_one	Actinobacteria	Actinobacteria	Propionibacteriales	Nocardioidaceae	Marmoricola	Cologne
2643221890	Nocardioides_sp._Leaf307	PA	PA	Actinobacteria_one	Actinobacteria	Actinobacteria	Propionibacteriales	Nocardioidaceae	Nocardioides	Cologne
2643221873	Nocardioides_sp._Leaf285	PA	PA	Actinobacteria_one	Actinobacteria	Actinobacteria	Propionibacteriales	Nocardioidaceae	Nocardioides	Cologne
2515154155	Actinopolymorpha_alba_DSM_45243	PA	PA	Actinobacteria_one	Actinobacteria	Actinobacteria	Actinomycetales	Nocardioidaceae	Actinopolymorpha	Unknown
2627853595	Propionicimonas_paludicola_DSM_15597	PA	PA	Actinobacteria_one	Actinobacteria	Actinobacteria	Actinomycetales	Nocardioidaceae	Propionicimonas	Unknown
646564576	Streptomyces_scabiei_87.22	PA	PA	Actinobacteria_one	Actinobacteria	Actinobacteria	Actinomycetales	Streptomycetaceae	Streptomyces	Unknown
2602041786	Streptomyces_sp._R1-NS-10	PA	PA	Actinobacteria_one	Actinobacteria	Actinobacteria	Actinomycetales	Streptomycetaceae	Streptomyces	Unknown
2554235005	Streptomyces_violaceusniger_SPC6	PA	PA	Actinobacteria_one	Actinobacteria	Actinobacteria	Actinomycetales	Streptomycetaceae	Streptomyces	Unknown
2639763148	Actinobacteria_bacterium_OV450	PA	PA	Actinobacteria_one	Actinobacteria	Actinobacteria	unclassified	unclassified	unclassified	Unknown
2636416125	Bacillus_licheniformis_12759	PA	PA	Bacillales	Firmicutes	Bacilli	Bacillales	Bacillaceae	Bacillus	Unknown
2643221950	Bacillus_sp._Leaf49	PA	PA	Bacillales	Firmicutes	Bacilli	Bacillales	Bacillaceae	Bacillus	Cologne
2643221951	Bacillus_sp._Leaf75	PA	PA	Bacillales	Firmicutes	Bacilli	Bacillales	Bacillaceae	Bacillus	Cologne
2643221959	Bacillus_sp._Leaf406	PA	PA	Bacillales	Firmicutes	Bacilli	Bacillales	Bacillaceae	Bacillus	Cologne
2537562209	Bacillus_sp._M_2-6	PA	PA	Bacillales	Firmicutes	Bacilli	Bacillales	Bacillaceae	Bacillus	Unknown
2511231119	Bacillus_amyloliquefaciens_CAU-B946	PA	PA	Bacillales	Firmicutes	Bacilli	Bacillales	Bacillaceae	Bacillus	Unknown
2576861732	Bacillus_amyloliquefaciens_EBL11	PA	PA	Bacillales	Firmicutes	Bacilli	Bacillales	Bacillaceae	Bacillus	Unknown
2545555800	Bacillus_amyloliquefaciens_EGD-AQ14	PA	PA	Bacillales	Firmicutes	Bacilli	Bacillales	Bacillaceae	Bacillus	Unknown
2519899543	Bacillus_amyloliquefaciens_plantarum_AS43.3	PA	PA	Bacillales	Firmicutes	Bacilli	Bacillales	Bacillaceae	Bacillus	Unknown
2585428018	Bacillus_amyloliquefaciens_plantarum_w2	PA	PA	Bacillales	Firmicutes	Bacilli	Bacillales	Bacillaceae	Bacillus	Unknown
2563366598	Bacillus_amyloliquefaciens_TrigoCor1448	PA	PA	Bacillales	Firmicutes	Bacilli	Bacillales	Bacillaceae	Bacillus	Unknown
2568526306	Bacillus_amyloliquefaciens_UASWS_BA1	PA	PA	Bacillales	Firmicutes	Bacilli	Bacillales	Bacillaceae	Bacillus	Unknown
2540341147	Bacillus_amyloliquefaciens_plantarum_UCMB5036	PA	PA	Bacillales	Firmicutes	Bacilli	Bacillales	Bacillaceae	Bacillus	Unknown
2540341129	Bacillus_amyloliquefaciens_Y2	PA	PA	Bacillales	Firmicutes	Bacilli	Bacillales	Bacillaceae	Bacillus	Unknown
2541047519	Bacillus_atrophaeus_UCMB-5137	PA	PA	Bacillales	Firmicutes	Bacilli	Bacillales	Bacillaceae	Bacillus	Unknown
2599185264	Bacillus_endophyticus_DSM_13796	PA	PA	Bacillales	Firmicutes	Bacilli	Bacillales	Bacillaceae	Bacillus	Unknown
2571042641	Bacillus_pumilus_INR7	PA	PA	Bacillales	Firmicutes	Bacilli	Bacillales	Bacillaceae	Bacillus	Unknown
2554235283	Bacillus_safensis_VK	PA	PA	Bacillales	Firmicutes	Bacilli	Bacillales	Bacillaceae	Bacillus	Unknown
2513237296	Bacillus_sp._5B6	PA	PA	Bacillales	Firmicutes	Bacilli	Bacillales	Bacillaceae	Bacillus	Unknown
2513237216	Bacillus_sp._JS	PA	PA	Bacillales	Firmicutes	Bacilli	Bacillales	Bacillaceae	Bacillus	Unknown
2551306519	Bacillus_sp._WBUNB004	PA	PA	Bacillales	Firmicutes	Bacilli	Bacillales	Bacillaceae	Bacillus	Unknown
2603880214	Bacillus_sp._YF23	PA	PA	Bacillales	Firmicutes	Bacilli	Bacillales	Bacillaceae	Bacillus	Unknown
649633011	Bacillus_subtilis_BSn5	PA	PA	Bacillales	Firmicutes	Bacilli	Bacillales	Bacillaceae	Bacillus	Unknown
2579779026	Bacillus_subtilis_PTS394	PA	PA	Bacillales	Firmicutes	Bacilli	Bacillales	Bacillaceae	Bacillus	Unknown
2585427626	Bacillus_subtilis_subtilis_OH_131.1	PA	PA	Bacillales	Firmicutes	Bacilli	Bacillales	Bacillaceae	Bacillus	Unknown
2540341094	Bacillus_subtilis_XF-1	PA	PA	Bacillales	Firmicutes	Bacilli	Bacillales	Bacillaceae	Bacillus	Unknown
640753005	Bacillus_amyloliquefaciens_plantarum_FZB42	PA	PA	Bacillales	Firmicutes	Bacilli	Bacillales	Bacillaceae	Bacillus	Unknown
2636415699	Bacillus_marisflavi_LK19	PA	PA	Bacillales	Firmicutes	Bacilli	Bacillales	Bacillaceae	Bacillus	Unknown
2636415569	Bacillus_vanillea_XY18	PA	PA	Bacillales	Firmicutes	Bacilli	Bacillales	Bacillaceae	Bacillus	Unknown
2634166463	Bacillus_marisflavi_LK26	PA	PA	Bacillales	Firmicutes	Bacilli	Bacillales	Bacillaceae	Bacillus	Unknown
2623621011	Bacillus_mycoides_B38V	PA	PA	Bacillales	Firmicutes	Bacilli	Bacillales	Bacillaceae	Bacillus	Unknown
2528768035	beta_proteobacterium_JGI_0001001-A11	PA	PA	Burkholderiales	Proteobacteria	Betaproteobacteria	unclassified	unclassified	unclassified	Unknown
2615840603	Albidiferax_sp._OV413	PA	PA	Burkholderiales	Proteobacteria	Betaproteobacteria	Burkholderiales	Comamonadaceae	unclassified	Populus
2582581311	Burkholderia_sp._WP42	PA	PA	Burkholderiales	Proteobacteria	Betaproteobacteria	Burkholderiales	Burkholderiaceae	Burkholderia	Populus
2615840639	Burkholderia_vietnamiensis_WPB	PA	PA	Burkholderiales	Proteobacteria	Betaproteobacteria	Burkholderiales	Burkholderiaceae	Burkholderia	Populus
2609459734	Collimonas_sp._OK307	PA	PA	Burkholderiales	Proteobacteria	Betaproteobacteria	Burkholderiales	Oxalobacteraceae	Collimonas	Populus
2585428062	Methylibium_sp._CF059	PA	PA	Burkholderiales	Proteobacteria	Betaproteobacteria	Burkholderiales	unclassified	Methylibium	Populus
2643221916	Burkholderia_sp._Leaf177	PA	PA	Burkholderiales	Proteobacteria	Betaproteobacteria	Burkholderiales	Burkholderiaceae	Burkholderia	Cologne
2643221792	Acidovorax_sp._Leaf84	PA	PA	Burkholderiales	Proteobacteria	Betaproteobacteria	Burkholderiales	Comamonadaceae	Acidovorax	Cologne
2643221907	Acidovorax_sp._Leaf160	PA	PA	Burkholderiales	Proteobacteria	Betaproteobacteria	Burkholderiales	Comamonadaceae	Acidovorax	Cologne
2643221789	Acidovorax_sp._Leaf78	PA	PA	Burkholderiales	Proteobacteria	Betaproteobacteria	Burkholderiales	Comamonadaceae	Acidovorax	Cologne
2643221788	Acidovorax_sp._Leaf76	PA	PA	Burkholderiales	Proteobacteria	Betaproteobacteria	Burkholderiales	Comamonadaceae	Acidovorax	Cologne
2643221867	Pseudorhodoferax_sp._Leaf274	PA	PA	Burkholderiales	Proteobacteria	Betaproteobacteria	Burkholderiales	Comamonadaceae	Pseudorhodoferax	Cologne
2643221797	Pseudorhodoferax_sp._Leaf267	PA	PA	Burkholderiales	Proteobacteria	Betaproteobacteria	Burkholderiales	Comamonadaceae	Pseudorhodoferax	Cologne
2643221795	Pseudorhodoferax_sp._Leaf265	PA	PA	Burkholderiales	Proteobacteria	Betaproteobacteria	Burkholderiales	Comamonadaceae	Pseudorhodoferax	Cologne
2643221821	Ramlibacter_sp._Leaf400	PA	PA	Burkholderiales	Proteobacteria	Betaproteobacteria	Burkholderiales	Comamonadaceae	Ramlibacter	Cologne
2643221888	Duganella_sp._Leaf126	PA	PA	Burkholderiales	Proteobacteria	Betaproteobacteria	Burkholderiales	Oxalobacteraceae	Duganella	Cologne
2643221776	Duganella_sp._Leaf61	PA	PA	Burkholderiales	Proteobacteria	Betaproteobacteria	Burkholderiales	Oxalobacteraceae	Duganella	Cologne
2643221809	Massilia_sp._Leaf139	PA	PA	Burkholderiales	Proteobacteria	Betaproteobacteria	Burkholderiales	Oxalobacteraceae	Massilia	Cologne
2643221752	Xylophilus_sp._Leaf220	PA	PA	Burkholderiales	Proteobacteria	Betaproteobacteria	Burkholderiales	unclassified	Xylophilus	Cologne
650716004	Acidovorax_avenae_avenae_ATCC_19860	PA	PA	Burkholderiales	Proteobacteria	Betaproteobacteria	Burkholderiales	Comamonadaceae	Acidovorax	Unknown
2547132080	Acidovorax_avenae_avenae_RS-1	PA	PA	Burkholderiales	Proteobacteria	Betaproteobacteria	Burkholderiales	Comamonadaceae	Acidovorax	Unknown
639633002	Acidovorax_avenae_citrulli_AAC00-1	PA	PA	Burkholderiales	Proteobacteria	Betaproteobacteria	Burkholderiales	Comamonadaceae	Acidovorax	Unknown
2563366540	Acidovorax_oryzae_ATCC_19882	PA	PA	Burkholderiales	Proteobacteria	Betaproteobacteria	Burkholderiales	Comamonadaceae	Acidovorax	Unknown
2615840716	Acidovorax_valerianellae_DSM_16619	PA	PA	Burkholderiales	Proteobacteria	Betaproteobacteria	Burkholderiales	Comamonadaceae	Acidovorax	Unknown
2582580767	Burkholderia_acidipaludis_NBRC_101816	PA	PA	Burkholderiales	Proteobacteria	Betaproteobacteria	Burkholderiales	Burkholderiaceae	Burkholderia	Unknown
2585427717	Burkholderia_andropogonis_Ba3549	PA	PA	Burkholderiales	Proteobacteria	Betaproteobacteria	Burkholderiales	Burkholderiaceae	Burkholderia	Unknown
2579779093	Burkholderia_caledonica_NBRC_102488	PA	PA	Burkholderiales	Proteobacteria	Betaproteobacteria	Burkholderiales	Burkholderiaceae	Burkholderia	Unknown
641522609	Burkholderia_cenocepacia_MC0-3	PA	PA	Burkholderiales	Proteobacteria	Betaproteobacteria	Burkholderiales	Burkholderiaceae	Burkholderia	Unknown
637000047	Burkholderia_cepacia_AMMD	PA	PA	Burkholderiales	Proteobacteria	Betaproteobacteria	Burkholderiales	Burkholderiaceae	Burkholderia	Unknown
2537562250	Burkholderia_cepacia_Bu72	PA	PA	Burkholderiales	Proteobacteria	Betaproteobacteria	Burkholderiales	Burkholderiaceae	Burkholderia	Unknown
2509276048	"Burkholderia_cepacia_UCB_717,_ATCC_25416"	PA	PA	Burkholderiales	Proteobacteria	Betaproteobacteria	Burkholderiales	Burkholderiaceae	Burkholderia	Unknown
650716013	Burkholderia_gladioli_BSR3	PA	PA	Burkholderiales	Proteobacteria	Betaproteobacteria	Burkholderiales	Burkholderiaceae	Burkholderia	Unknown
2600255057	Burkholderia_gladioli_NBRC_13700	PA	PA	Burkholderiales	Proteobacteria	Betaproteobacteria	Burkholderiales	Burkholderiaceae	Burkholderia	Unknown
643692013	Burkholderia_glumae_BGR1	PA	PA	Burkholderiales	Proteobacteria	Betaproteobacteria	Burkholderiales	Burkholderiaceae	Burkholderia	Unknown
641736151	Burkholderia_graminis_C4D1M	PA	PA	Burkholderiales	Proteobacteria	Betaproteobacteria	Burkholderiales	Burkholderiaceae	Burkholderia	Unknown
2609460223	Burkholderia_grimmiae_R27	PA	PA	Burkholderiales	Proteobacteria	Betaproteobacteria	Burkholderiales	Burkholderiaceae	Burkholderia	Unknown
2600255069	Burkholderia_heleia_NBRC_101817	PA	PA	Burkholderiales	Proteobacteria	Betaproteobacteria	Burkholderiales	Burkholderiaceae	Burkholderia	Unknown
2600255067	Burkholderia_kururiensis_thiooxydans_NBRC_107107	PA	PA	Burkholderiales	Proteobacteria	Betaproteobacteria	Burkholderiales	Burkholderiaceae	Burkholderia	Unknown
2597490288	Burkholderia_pyrrocinia_Lyc2	PA	PA	Burkholderiales	Proteobacteria	Betaproteobacteria	Burkholderiales	Burkholderiaceae	Burkholderia	Unknown
2562617112	Burkholderia_sp._BT03	PA	PA	Burkholderiales	Proteobacteria	Betaproteobacteria	Burkholderiales	Burkholderiaceae	Burkholderia	Unknown
2515154122	Burkholderia_sp._JPY251	PA	PA	Burkholderiales	Proteobacteria	Betaproteobacteria	Burkholderiales	Burkholderiaceae	Burkholderia	Unknown
2515154123	Burkholderia_sp._JPY347	PA	PA	Burkholderiales	Proteobacteria	Betaproteobacteria	Burkholderiales	Burkholderiaceae	Burkholderia	Unknown
2522572104	Burkholderia_sp._URHA0054	PA	PA	Burkholderiales	Proteobacteria	Betaproteobacteria	Burkholderiales	Burkholderiaceae	Burkholderia	Unknown
2513237166	Burkholderia_sp._UYPR1.413	PA	PA	Burkholderiales	Proteobacteria	Betaproteobacteria	Burkholderiales	Burkholderiaceae	Burkholderia	Unknown
2513237151	Burkholderia_sp._WSM2230	PA	PA	Burkholderiales	Proteobacteria	Betaproteobacteria	Burkholderiales	Burkholderiaceae	Burkholderia	Unknown
2516653074	Burkholderia_sp._WSM4176	PA	PA	Burkholderiales	Proteobacteria	Betaproteobacteria	Burkholderiales	Burkholderiaceae	Burkholderia	Unknown
650716028	Collimonas_fungivorans_Ter331	PA	PA	Burkholderiales	Proteobacteria	Betaproteobacteria	Burkholderiales	Oxalobacteraceae	Collimonas	Unknown
2576861758	Delftia_sp._RIT313	PA	PA	Burkholderiales	Proteobacteria	Betaproteobacteria	Burkholderiales	Comamonadaceae	Delftia	Unknown
2540341032	Herbaspirillum_frisingense_GSF30	PA	PA	Burkholderiales	Proteobacteria	Betaproteobacteria	Burkholderiales	Oxalobacteraceae	Herbaspirillum	Unknown
2551306410	Herbaspirillum_seropedicae_Os45	PA	PA	Burkholderiales	Proteobacteria	Betaproteobacteria	Burkholderiales	Oxalobacteraceae	Herbaspirillum	Unknown
648028033	Herbaspirillum_seropedicae_SmR1	PA	PA	Burkholderiales	Proteobacteria	Betaproteobacteria	Burkholderiales	Oxalobacteraceae	Herbaspirillum	Unknown
2521172590	Herbaspirillum_sp._GW103	PA	PA	Burkholderiales	Proteobacteria	Betaproteobacteria	Burkholderiales	Oxalobacteraceae	Herbaspirillum	Unknown
2576861772	Janthinobacterium_lividum_RIT308	PA	PA	Burkholderiales	Proteobacteria	Betaproteobacteria	Burkholderiales	Oxalobacteraceae	Janthinobacterium	Unknown
2597490279	Ralstonia_solanacearum_23-10BR	PA	PA	Burkholderiales	Proteobacteria	Betaproteobacteria	Burkholderiales	Burkholderiaceae	Ralstonia	Unknown
2561511243	Ralstonia_solanacearum_CFBP2957	PA	PA	Burkholderiales	Proteobacteria	Betaproteobacteria	Burkholderiales	Burkholderiaceae	Ralstonia	Unknown
2561511242	Ralstonia_solanacearum_CMR15	PA	PA	Burkholderiales	Proteobacteria	Betaproteobacteria	Burkholderiales	Burkholderiaceae	Ralstonia	Unknown
2518285588	Ralstonia_solanacearum_FQY_4	PA	PA	Burkholderiales	Proteobacteria	Betaproteobacteria	Burkholderiales	Burkholderiaceae	Ralstonia	Unknown
2623620877	Ralstonia_solanacearum_GMI1000	PA	PA	Burkholderiales	Proteobacteria	Betaproteobacteria	Burkholderiales	Burkholderiaceae	Ralstonia	Unknown
2541047091	Ralstonia_solanacearum_MolK2	PA	PA	Burkholderiales	Proteobacteria	Betaproteobacteria	Burkholderiales	Burkholderiaceae	Ralstonia	Unknown
2597490294	Ralstonia_solanacearum_NCPPB_282	PA	PA	Burkholderiales	Proteobacteria	Betaproteobacteria	Burkholderiales	Burkholderiaceae	Ralstonia	Unknown
2609460069	Ralstonia_solanacearum_NCPPB909	PA	PA	Burkholderiales	Proteobacteria	Betaproteobacteria	Burkholderiales	Burkholderiaceae	Ralstonia	Unknown
2568526698	Ralstonia_solanacearum_P673	PA	PA	Burkholderiales	Proteobacteria	Betaproteobacteria	Burkholderiales	Burkholderiaceae	Ralstonia	Unknown
651053062	Ralstonia_solanacearum_Po82	PA	PA	Burkholderiales	Proteobacteria	Betaproteobacteria	Burkholderiales	Burkholderiaceae	Ralstonia	Unknown
2597489963	Ralstonia_solanacearum_Rs-09-161	PA	PA	Burkholderiales	Proteobacteria	Betaproteobacteria	Burkholderiales	Burkholderiaceae	Ralstonia	Unknown
2597490080	Ralstonia_solanacearum_Rs-10-244	PA	PA	Burkholderiales	Proteobacteria	Betaproteobacteria	Burkholderiales	Burkholderiaceae	Ralstonia	Unknown
2554235178	Ralstonia_solanacearum_SD54	PA	PA	Burkholderiales	Proteobacteria	Betaproteobacteria	Burkholderiales	Burkholderiaceae	Ralstonia	Unknown
2636416094	Ralstonia_solanacearum_UW551	PA	PA	Burkholderiales	Proteobacteria	Betaproteobacteria	Burkholderiales	Burkholderiaceae	Ralstonia	Unknown
2558309000	Simplicispira_psychrophila_DSM_11588	PA	PA	Burkholderiales	Proteobacteria	Betaproteobacteria	Burkholderiales	Comamonadaceae	Simplicispira	Unknown
649633106	Variovorax_paradoxus_EPS	PA	PA	Burkholderiales	Proteobacteria	Betaproteobacteria	Burkholderiales	Comamonadaceae	Variovorax	Unknown
644736413	Variovorax_paradoxus_S110	PA	PA	Burkholderiales	Proteobacteria	Betaproteobacteria	Burkholderiales	Comamonadaceae	Variovorax	Unknown
2634166347	Acidovorax_citrulli_DSM_17060	PA	PA	Burkholderiales	Proteobacteria	Betaproteobacteria	Burkholderiales	Comamonadaceae	Acidovorax	Unknown
2630968654	Acidovorax_citrulli_pslbtw65	PA	PA	Burkholderiales	Proteobacteria	Betaproteobacteria	Burkholderiales	Comamonadaceae	Acidovorax	Unknown
2630968965	Acidovorax_citrulli_tw6	PA	PA	Burkholderiales	Proteobacteria	Betaproteobacteria	Burkholderiales	Comamonadaceae	Acidovorax	Unknown
2634166315	Acidovorax_konjaci_DSM_7481	PA	PA	Burkholderiales	Proteobacteria	Betaproteobacteria	Burkholderiales	Comamonadaceae	Acidovorax	Unknown
2522125168	Dyadobacter_beijingensis_DSM_21582	PA	PA	Bacteroidetes	Bacteroidetes	Cytophagia	Cytophagales	Cytophagaceae	Dyadobacter	Unknown
644736356	"Dyadobacter_fermentans_NS114,_DSM_18053"	PA	PA	Bacteroidetes	Bacteroidetes	Cytophagia	Cytophagales	Cytophagaceae	Dyadobacter	Unknown
2524614645	Runella_zeae_DSM_19591	PA	PA	Bacteroidetes	Bacteroidetes	Cytophagia	Cytophagales	Cytophagaceae	Runella	Unknown
2622736583	Spirosoma_endophyticum_DSM_26130	PA	PA	Bacteroidetes	Bacteroidetes	Cytophagia	Cytophagales	Cytophagaceae	Spirosoma	Unknown
2643221924	Dyadobacter_sp._Leaf189	PA	PA	Bacteroidetes	Bacteroidetes	Cytophagia	Cytophagales	Cytophagaceae	Dyadobacter	Cologne
2585428061	Chryseobacterium_sp._CF356	PA	PA	Bacteroidetes	Bacteroidetes	Flavobacteriia	Flavobacteriales	Flavobacteriaceae	Chryseobacterium	Populus
2582581278	Chryseobacterium_sp._CF365	PA	PA	Bacteroidetes	Bacteroidetes	Flavobacteriia	Flavobacteriales	Flavobacteriaceae	Chryseobacterium	Populus
2582581873	Chryseobacterium_sp._OV259	PA	PA	Bacteroidetes	Bacteroidetes	Flavobacteriia	Flavobacteriales	Flavobacteriaceae	Chryseobacterium	Populus
2588253712	Chryseobacterium_sp._OV279	PA	PA	Bacteroidetes	Bacteroidetes	Flavobacteriia	Flavobacteriales	Flavobacteriaceae	Chryseobacterium	Unknown
2585428045	Chryseobacterium_sp._OV705	PA	PA	Bacteroidetes	Bacteroidetes	Flavobacteriia	Flavobacteriales	Flavobacteriaceae	Chryseobacterium	Populus
2585428060	Chryseobacterium_sp._OV715	PA	PA	Bacteroidetes	Bacteroidetes	Flavobacteriia	Flavobacteriales	Flavobacteriaceae	Chryseobacterium	Populus
2585428095	Chryseobacterium_sp._YR005	PA	PA	Bacteroidetes	Bacteroidetes	Flavobacteriia	Flavobacteriales	Flavobacteriaceae	Chryseobacterium	Populus
2588254255	Chryseobacterium_sp._YR221	PA	PA	Bacteroidetes	Bacteroidetes	Flavobacteriia	Flavobacteriales	Flavobacteriaceae	Chryseobacterium	Populus
2585428185	Chryseobacterium_sp._YR459	PA	PA	Bacteroidetes	Bacteroidetes	Flavobacteriia	Flavobacteriales	Flavobacteriaceae	Chryseobacterium	Populus
2585428187	Chryseobacterium_sp._YR460	PA	PA	Bacteroidetes	Bacteroidetes	Flavobacteriia	Flavobacteriales	Flavobacteriaceae	Chryseobacterium	Populus
2585428182	Chryseobacterium_sp._YR477	PA	PA	Bacteroidetes	Bacteroidetes	Flavobacteriia	Flavobacteriales	Flavobacteriaceae	Chryseobacterium	Populus
2585428184	Chryseobacterium_sp._YR480	PA	PA	Bacteroidetes	Bacteroidetes	Flavobacteriia	Flavobacteriales	Flavobacteriaceae	Chryseobacterium	Populus
2585428183	Chryseobacterium_sp._YR485	PA	PA	Bacteroidetes	Bacteroidetes	Flavobacteriia	Flavobacteriales	Flavobacteriaceae	Chryseobacterium	Populus
2615840595	Flavobacterium_sp._FV08	PA	PA	Bacteroidetes	Bacteroidetes	Flavobacteriia	Flavobacteriales	Flavobacteriaceae	Flavobacterium	Populus
2588254257	Chryseobacterium_sp._YR203	PA	PA	Bacteroidetes	Bacteroidetes	Flavobacteriia	Flavobacteriales	Flavobacteriaceae	Chryseobacterium	Populus
2643221928	Flavobacterium_sp._Leaf359	PA	PA	Bacteroidetes	Bacteroidetes	Flavobacteriia	Flavobacteriales	Flavobacteriaceae	Flavobacterium	Cologne
2643221790	Flavobacterium_sp._Leaf82	PA	PA	Bacteroidetes	Bacteroidetes	Flavobacteriia	Flavobacteriales	Flavobacteriaceae	Flavobacterium	Cologne
2643221822	Chryseobacterium_sp._Leaf404	PA	PA	Bacteroidetes	Bacteroidetes	Flavobacteriia	Flavobacteriales	Flavobacteriaceae	Chryseobacterium	Cologne
2643221740	Chryseobacterium_sp._Leaf201	PA	PA	Bacteroidetes	Bacteroidetes	Flavobacteriia	Flavobacteriales	Flavobacteriaceae	Chryseobacterium	Cologne
2643221937	Chryseobacterium_sp._Leaf394	PA	PA	Bacteroidetes	Bacteroidetes	Flavobacteriia	Flavobacteriales	Flavobacteriaceae	Chryseobacterium	Cologne
2643221823	Chryseobacterium_sp._Leaf405	PA	PA	Bacteroidetes	Bacteroidetes	Flavobacteriia	Flavobacteriales	Flavobacteriaceae	Chryseobacterium	Cologne
2643221920	Chryseobacterium_sp._Leaf180	PA	PA	Bacteroidetes	Bacteroidetes	Flavobacteriia	Flavobacteriales	Flavobacteriaceae	Chryseobacterium	Cologne
2523533629	Chryseobacterium_palustre_DSM_21579	PA	PA	Bacteroidetes	Bacteroidetes	Flavobacteriia	Flavobacteriales	Flavobacteriaceae	Chryseobacterium	Unknown
2519899754	Flavobacterium_sp._F52	PA	PA	Bacteroidetes	Bacteroidetes	Flavobacteriia	Flavobacteriales	Flavobacteriaceae	Flavobacterium	Unknown
2643221785	Paenibacillus_sp._Leaf72	PA	PA	Bacillales	Firmicutes	Bacilli	Bacillales	Paenibacillaceae	Paenibacillus	Cologne
2541047089	Paenibacillus_alvei_A6-6i-x	PA	PA	Bacillales	Firmicutes	Bacilli	Bacillales	Paenibacillaceae	Paenibacillus	Unknown
2512564039	Paenibacillus_mucilaginosus_3016	PA	PA	Bacillales	Firmicutes	Bacilli	Bacillales	Paenibacillaceae	Paenibacillus	Unknown
2563366752	Paenibacillus_pini_JCM_16418	PA	PA	Bacillales	Firmicutes	Bacilli	Bacillales	Paenibacillaceae	Paenibacillus	Unknown
2524023129	Paenibacillus_pinihumi_DSM_23905	PA	PA	Bacillales	Firmicutes	Bacilli	Bacillales	Paenibacillaceae	Paenibacillus	Unknown
2609460170	Paenibacillus_polymyxa_CICC_10580	PA	PA	Bacillales	Firmicutes	Bacilli	Bacillales	Paenibacillaceae	Paenibacillus	Unknown
2556921003	Paenibacillus_polymyxa_CR1	PA	PA	Bacillales	Firmicutes	Bacilli	Bacillales	Paenibacillaceae	Paenibacillus	Unknown
648028048	Paenibacillus_polymyxa_E681	PA	PA	Bacillales	Firmicutes	Bacilli	Bacillales	Paenibacillaceae	Paenibacillus	Unknown
2588253742	Paenibacillus_polymyxa_SQR-21	PA	PA	Bacillales	Firmicutes	Bacilli	Bacillales	Paenibacillaceae	Paenibacillus	Unknown
2576861424	Paenibacillus_sabinae_T27	PA	PA	Bacillales	Firmicutes	Bacilli	Bacillales	Paenibacillaceae	Paenibacillus	Unknown
644736396	Paenibacillus_sp._JDR-2	PA	PA	Bacillales	Firmicutes	Bacilli	Bacillales	Paenibacillaceae	Paenibacillus	Unknown
2600255062	Paenibacillus_sp._WLY78	PA	PA	Bacillales	Firmicutes	Bacilli	Bacillales	Paenibacillaceae	Paenibacillus	Unknown
2585428046	Pseudomonas_putida_PD1	PA	PA	Pseudomonas	Proteobacteria	Gammaproteobacteria	Pseudomonadales	Pseudomonadaceae	Pseudomonas	Populus
2609459712	Pseudomonas_sp._OK602	PA	PA	Pseudomonas	Proteobacteria	unclassified	unclassified	unclassified	Pseudomonas	Populus
2609459739	Pseudomonas_sp._Snoq117.2	PA	PA	Pseudomonas	Proteobacteria	unclassified	unclassified	unclassified	Pseudomonas	Populus
2643221746	Pseudomonas_sp._Leaf15	PA	PA	Pseudomonas	Proteobacteria	Gammaproteobacteria	Pseudomonadales	Pseudomonadaceae	Pseudomonas	Cologne
2643221791	Pseudomonas_sp._Leaf83	PA	PA	Pseudomonas	Proteobacteria	Gammaproteobacteria	Pseudomonadales	Pseudomonadaceae	Pseudomonas	Cologne
2643221942	Pseudomonas_sp._Leaf434	PA	PA	Pseudomonas	Proteobacteria	Gammaproteobacteria	Pseudomonadales	Pseudomonadaceae	Pseudomonas	Cologne
2643221775	Pseudomonas_sp._Leaf58	PA	PA	Pseudomonas	Proteobacteria	Gammaproteobacteria	Pseudomonadales	Pseudomonadaceae	Pseudomonas	Cologne
2643221892	Pseudomonas_sp._Leaf127	PA	PA	Pseudomonas	Proteobacteria	Gammaproteobacteria	Pseudomonadales	Pseudomonadaceae	Pseudomonas	Cologne
2643221771	Pseudomonas_sp._Leaf48	PA	PA	Pseudomonas	Proteobacteria	Gammaproteobacteria	Pseudomonadales	Pseudomonadaceae	Pseudomonas	Cologne
2643221805	Pseudomonas_sp._Leaf129	PA	PA	Pseudomonas	Proteobacteria	Gammaproteobacteria	Pseudomonadales	Pseudomonadaceae	Pseudomonas	Cologne
2534681678	Pseudomonas_aeruginosa_E2	PA	PA	Pseudomonas	Proteobacteria	Gammaproteobacteria	Pseudomonadales	Pseudomonadaceae	Pseudomonas	Unknown
2511231183	Pseudomonas_aeruginosa_M18	PA	PA	Pseudomonas	Proteobacteria	Gammaproteobacteria	Pseudomonadales	Pseudomonadaceae	Pseudomonas	Unknown
2554235132	Pseudomonas_aeruginosa_PGPR2	PA	PA	Pseudomonas	Proteobacteria	Gammaproteobacteria	Pseudomonadales	Pseudomonadaceae	Pseudomonas	Unknown
2574179764	Pseudomonas_aeruginosa_PUPa3	PA	PA	Pseudomonas	Proteobacteria	Gammaproteobacteria	Pseudomonadales	Pseudomonadaceae	Pseudomonas	Unknown
650716074	Pseudomonas_brassicacearum_brassicacearum_NFM421	PA	PA	Pseudomonas	Proteobacteria	Gammaproteobacteria	Pseudomonadales	Pseudomonadaceae	Pseudomonas	Unknown
2565956580	Pseudomonas_brassicacearum_DF41	PA	PA	Pseudomonas	Proteobacteria	Gammaproteobacteria	Pseudomonadales	Pseudomonadaceae	Pseudomonas	Unknown
2579778744	Pseudomonas_chlororaphis_aurantiaca_PB-St2	PA	PA	Pseudomonas	Proteobacteria	Gammaproteobacteria	Pseudomonadales	Pseudomonadaceae	Pseudomonas	Unknown
2597489887	Pseudomonas_chlororaphis_aureofaciens_30-84	PA	PA	Pseudomonas	Proteobacteria	Gammaproteobacteria	Pseudomonadales	Pseudomonadaceae	Pseudomonas	Unknown
2512047018	Pseudomonas_chlororaphis_chlororaphis_GP72	PA	PA	Pseudomonas	Proteobacteria	Gammaproteobacteria	Pseudomonadales	Pseudomonadaceae	Pseudomonas	Unknown
2526164786	Pseudomonas_chlororaphis_HT66	PA	PA	Pseudomonas	Proteobacteria	Gammaproteobacteria	Pseudomonadales	Pseudomonadaceae	Pseudomonas	Unknown
2597489885	Pseudomonas_chlororaphis_O6	PA	PA	Pseudomonas	Proteobacteria	Gammaproteobacteria	Pseudomonadales	Pseudomonadaceae	Pseudomonas	Unknown
2585427645	Pseudomonas_chlororaphis_PA23	PA	PA	Pseudomonas	Proteobacteria	Gammaproteobacteria	Pseudomonadales	Pseudomonadaceae	Pseudomonas	Unknown
2582580891	Pseudomonas_chlororaphis_YL-1	PA	PA	Pseudomonas	Proteobacteria	Gammaproteobacteria	Pseudomonadales	Pseudomonadaceae	Pseudomonas	Unknown
2579778861	Pseudomonas_cichorii_JBC1	PA	PA	Pseudomonas	Proteobacteria	Gammaproteobacteria	Pseudomonadales	Pseudomonadaceae	Pseudomonas	Unknown
2585427826	Pseudomonas_corrugata_CFBP_5454	PA	PA	Pseudomonas	Proteobacteria	Gammaproteobacteria	Pseudomonadales	Pseudomonadaceae	Pseudomonas	Unknown
2523533534	Pseudomonas_cremoricolorata_DSM_17059	PA	PA	Pseudomonas	Proteobacteria	Gammaproteobacteria	Pseudomonadales	Pseudomonadaceae	Pseudomonas	Unknown
2603880217	Pseudomonas_fluorescens_A2-S9	PA	PA	Pseudomonas	Proteobacteria	Gammaproteobacteria	Pseudomonadales	Pseudomonadaceae	Pseudomonas	Unknown
2561511156	Pseudomonas_fluorescens_A506	PA	PA	Pseudomonas	Proteobacteria	Gammaproteobacteria	Pseudomonadales	Pseudomonadaceae	Pseudomonas	Unknown
2541047480	Pseudomonas_fluorescens_BRIP34879	PA	PA	Pseudomonas	Proteobacteria	Gammaproteobacteria	Pseudomonadales	Pseudomonadaceae	Pseudomonas	Unknown
2554235341	Pseudomonas_fluorescens_CHA0	PA	PA	Pseudomonas	Proteobacteria	Gammaproteobacteria	Pseudomonadales	Pseudomonadaceae	Pseudomonas	Unknown
2511231156	Pseudomonas_fluorescens_F113	PA	PA	Pseudomonas	Proteobacteria	Gammaproteobacteria	Pseudomonadales	Pseudomonadaceae	Pseudomonas	Unknown
2597489886	Pseudomonas_fluorescens_Q2-87	PA	PA	Pseudomonas	Proteobacteria	Gammaproteobacteria	Pseudomonadales	Pseudomonadaceae	Pseudomonas	Unknown
2597489890	Pseudomonas_fluorescens_Q8r1-96	PA	PA	Pseudomonas	Proteobacteria	Gammaproteobacteria	Pseudomonadales	Pseudomonadaceae	Pseudomonas	Unknown
649633086	Pseudomonas_fluorescens_SBW25	PA	PA	Pseudomonas	Proteobacteria	Gammaproteobacteria	Pseudomonadales	Pseudomonadaceae	Pseudomonas	Unknown
2597489888	Pseudomonas_fluorescens_SS101	PA	PA	Pseudomonas	Proteobacteria	Gammaproteobacteria	Pseudomonadales	Pseudomonadaceae	Pseudomonas	Unknown
649989991	Pseudomonas_fluorescens_WH6	PA	PA	Pseudomonas	Proteobacteria	Gammaproteobacteria	Pseudomonadales	Pseudomonadaceae	Pseudomonas	Unknown
2548876985	Pseudomonas_fuscovaginae_UPB0736	PA	PA	Pseudomonas	Proteobacteria	Gammaproteobacteria	Pseudomonadales	Pseudomonadaceae	Pseudomonas	Unknown
2596583589	Pseudomonas_mediterranea_CFBP5447	PA	PA	Pseudomonas	Proteobacteria	Gammaproteobacteria	Pseudomonadales	Pseudomonadaceae	Pseudomonas	Unknown
2523533547	Pseudomonas_parafulva_DSM_17004	PA	PA	Pseudomonas	Proteobacteria	Gammaproteobacteria	Pseudomonadales	Pseudomonadaceae	Pseudomonas	Unknown
2540341095	Pseudomonas_poae_RE*1-1-14	PA	PA	Pseudomonas	Proteobacteria	Gammaproteobacteria	Pseudomonadales	Pseudomonadaceae	Pseudomonas	Unknown
2623620736	Pseudomonas_protegens_Pf-5	PA	PA	Pseudomonas	Proteobacteria	Gammaproteobacteria	Pseudomonadales	Pseudomonadaceae	Pseudomonas	Unknown
650377963	Pseudomonas_putida_BIRD-1	PA	PA	Pseudomonas	Proteobacteria	Gammaproteobacteria	Pseudomonadales	Pseudomonadaceae	Pseudomonas	Unknown
2554235231	Pseudomonas_putida_MTCC_5279	PA	PA	Pseudomonas	Proteobacteria	Gammaproteobacteria	Pseudomonadales	Pseudomonadaceae	Pseudomonas	Unknown
2571042598	Pseudomonas_putida_S610	PA	PA	Pseudomonas	Proteobacteria	Gammaproteobacteria	Pseudomonadales	Pseudomonadaceae	Pseudomonas	Unknown
2519899536	Pseudomonas_sp._UW4	PA	PA	Pseudomonas	Proteobacteria	Gammaproteobacteria	Pseudomonadales	Pseudomonadaceae	Pseudomonas	Unknown
641522646	Pseudomonas_putida_W619	PA	PA	Pseudomonas	Proteobacteria	Gammaproteobacteria	Pseudomonadales	Pseudomonadaceae	Pseudomonas	Unknown
648861013	Pseudomonas_savastanoi_pv._savastanoi_NCPPB_3335	PA	PA	Pseudomonas	Proteobacteria	Gammaproteobacteria	Pseudomonadales	Pseudomonadaceae	Pseudomonas	Unknown
2585427642	Pseudomonas_simiae_WCS417	PA	PA	Pseudomonas	Proteobacteria	Gammaproteobacteria	Pseudomonadales	Pseudomonadaceae	Pseudomonas	Unknown
2597489889	Pseudomonas_sp._BG33R	PA	PA	Pseudomonas	Proteobacteria	Gammaproteobacteria	Pseudomonadales	Pseudomonadaceae	Pseudomonas	Unknown
2511231010	Pseudomonas_sp._GM25	PA	PA	Pseudomonas	Proteobacteria	Gammaproteobacteria	Pseudomonadales	Pseudomonadaceae	Pseudomonas	Unknown
2511231014	Pseudomonas_sp._GM48	PA	PA	Pseudomonas	Proteobacteria	Gammaproteobacteria	Pseudomonadales	Pseudomonadaceae	Pseudomonas	Unknown
2511231020	Pseudomonas_sp._GM74	PA	PA	Pseudomonas	Proteobacteria	Gammaproteobacteria	Pseudomonadales	Pseudomonadaceae	Pseudomonas	Unknown
2582581026	Pseudomonas_sp._P482	PA	PA	Pseudomonas	Proteobacteria	Gammaproteobacteria	Pseudomonadales	Pseudomonadaceae	Pseudomonas	Unknown
2548876981	Pseudomonas_sp._R81	PA	PA	Pseudomonas	Proteobacteria	Gammaproteobacteria	Pseudomonadales	Pseudomonadaceae	Pseudomonas	Unknown
2579779090	Pseudomonas_sp._RIT288	PA	PA	Pseudomonas	Proteobacteria	Gammaproteobacteria	Pseudomonadales	Pseudomonadaceae	Pseudomonas	Unknown
2579778624	Pseudomonas_sp._RIT357	PA	PA	Pseudomonas	Proteobacteria	Gammaproteobacteria	Pseudomonadales	Pseudomonadaceae	Pseudomonas	Unknown
2585427641	Pseudomonas_sp._WCS374	PA	PA	Pseudomonas	Proteobacteria	Gammaproteobacteria	Pseudomonadales	Pseudomonadaceae	Pseudomonas	Unknown
640427133	Pseudomonas_stutzeri_A1501	PA	PA	Pseudomonas	Proteobacteria	Gammaproteobacteria	Pseudomonadales	Pseudomonadaceae	Pseudomonas	Unknown
651053060	"Pseudomonas_stutzeri_CMT.A.9,_DSM_4166"	PA	PA	Pseudomonas	Proteobacteria	Gammaproteobacteria	Pseudomonadales	Pseudomonadaceae	Pseudomonas	Unknown
2609460275	Pseudomonas_syringae_Alf3	PA	PA	Pseudomonas	Proteobacteria	Gammaproteobacteria	Pseudomonadales	Pseudomonadaceae	Pseudomonas	Unknown
2541047481	Pseudomonas_syringae_BRIP34881	PA	PA	Pseudomonas	Proteobacteria	Gammaproteobacteria	Pseudomonadales	Pseudomonadaceae	Pseudomonas	Unknown
2541047482	Pseudomonas_syringae_BRIP39023	PA	PA	Pseudomonas	Proteobacteria	Gammaproteobacteria	Pseudomonadales	Pseudomonadaceae	Pseudomonas	Unknown
2548876750	Pseudomonas_syringae_ICMP_18804	PA	PA	Pseudomonas	Proteobacteria	Gammaproteobacteria	Pseudomonadales	Pseudomonadaceae	Pseudomonas	Unknown
2571042114	Pseudomonas_syringae_KCTC_12500	PA	PA	Pseudomonas	Proteobacteria	Gammaproteobacteria	Pseudomonadales	Pseudomonadaceae	Pseudomonas	Unknown
2506783055	Pseudomonas_syringae_PacA10853	PA	PA	Pseudomonas	Proteobacteria	Gammaproteobacteria	Pseudomonadales	Pseudomonadaceae	Pseudomonas	Unknown
2505313061	Pseudomonas_syringae_PavISPaVe013_(Psy117)	PA	PA	Pseudomonas	Proteobacteria	Gammaproteobacteria	Pseudomonadales	Pseudomonadaceae	Pseudomonas	Unknown
2505313062	Pseudomonas_syringae_PavISPaVe037_(Psy119)	PA	PA	Pseudomonas	Proteobacteria	Gammaproteobacteria	Pseudomonadales	Pseudomonadaceae	Pseudomonas	Unknown
2505313027	Pseudomonas_syringae_Pci0788_9	PA	PA	Pseudomonas	Proteobacteria	Gammaproteobacteria	Pseudomonadales	Pseudomonadaceae	Pseudomonas	Unknown
2505313040	Pseudomonas_syringae_PgyBR1_(Psy13)	PA	PA	Pseudomonas	Proteobacteria	Gammaproteobacteria	Pseudomonadales	Pseudomonadaceae	Pseudomonas	Unknown
2505313043	Pseudomonas_syringae_PgyKN44_(Psy16)	PA	PA	Pseudomonas	Proteobacteria	Gammaproteobacteria	Pseudomonadales	Pseudomonadaceae	Pseudomonas	Unknown
2505313042	Pseudomonas_syringae_PgyLN10_(Psy15)	PA	PA	Pseudomonas	Proteobacteria	Gammaproteobacteria	Pseudomonadales	Pseudomonadaceae	Pseudomonas	Unknown
2505313041	Pseudomonas_syringae_PgyUnB647_(Psy14)	PA	PA	Pseudomonas	Proteobacteria	Gammaproteobacteria	Pseudomonadales	Pseudomonadaceae	Pseudomonas	Unknown
2505313044	Pseudomonas_syringae_PlaYM7902_(Psy27)	PA	PA	Pseudomonas	Proteobacteria	Gammaproteobacteria	Pseudomonadales	Pseudomonadaceae	Pseudomonas	Unknown
2505313046	Pseudomonas_syringae_PmaES4326_(Psy34)	PA	PA	Pseudomonas	Proteobacteria	Gammaproteobacteria	Pseudomonadales	Pseudomonadaceae	Pseudomonas	Unknown
2505313049	Pseudomonas_syringae_PmaKN91_(Psy41)	PA	PA	Pseudomonas	Proteobacteria	Gammaproteobacteria	Pseudomonadales	Pseudomonadaceae	Pseudomonas	Unknown
2505313048	Pseudomonas_syringae_PmaYM7930_(Psy40)	PA	PA	Pseudomonas	Proteobacteria	Gammaproteobacteria	Pseudomonadales	Pseudomonadaceae	Pseudomonas	Unknown
2505313050	Pseudomonas_syringae_PmeN6801_(Psy44)	PA	PA	Pseudomonas	Proteobacteria	Gammaproteobacteria	Pseudomonadales	Pseudomonadaceae	Pseudomonas	Unknown
2508501072	Pseudomonas_syringae_Pph1448A_(1448A_gold_standard)	PA	PA	Pseudomonas	Proteobacteria	Gammaproteobacteria	Pseudomonadales	Pseudomonadaceae	Pseudomonas	Unknown
2505313058	Pseudomonas_syringae_PphHB10Y_(Psy102)	PA	PA	Pseudomonas	Proteobacteria	Gammaproteobacteria	Pseudomonadales	Pseudomonadaceae	Pseudomonas	Unknown
2505313052	Pseudomonas_syringae_PphNPS3121_(Psy56)	PA	PA	Pseudomonas	Proteobacteria	Gammaproteobacteria	Pseudomonadales	Pseudomonadaceae	Pseudomonas	Unknown
2505313051	Pseudomonas_syringae_PphY5_2_(Psy55)	PA	PA	Pseudomonas	Proteobacteria	Gammaproteobacteria	Pseudomonadales	Pseudomonadaceae	Pseudomonas	Unknown
2505313053	Pseudomonas_syringae_PseHC_1_(Psy67)	PA	PA	Pseudomonas	Proteobacteria	Gammaproteobacteria	Pseudomonadales	Pseudomonadaceae	Pseudomonas	Unknown
2506783057	Pseudomonas_syringae_Psv4352	PA	PA	Pseudomonas	Proteobacteria	Gammaproteobacteria	Pseudomonadales	Pseudomonadaceae	Pseudomonas	Unknown
2506783058	Pseudomonas_syringae_PsyB48	PA	PA	Pseudomonas	Proteobacteria	Gammaproteobacteria	Pseudomonadales	Pseudomonadaceae	Pseudomonas	Unknown
2505313054	Pseudomonas_syringae_Pta6606_(Psy83)	PA	PA	Pseudomonas	Proteobacteria	Gammaproteobacteria	Pseudomonadales	Pseudomonadaceae	Pseudomonas	Unknown
2531839611	Pseudomonas_syringae_pv._glycinea_B076	PA	PA	Pseudomonas	Proteobacteria	Gammaproteobacteria	Pseudomonadales	Pseudomonadaceae	Pseudomonas	Unknown
2597489895	Pseudomonas_syringae_pv._actinidiae_ICMP_18884	PA	PA	Pseudomonas	Proteobacteria	Gammaproteobacteria	Pseudomonadales	Pseudomonadaceae	Pseudomonas	Unknown
2508501056	Pseudomonas_syringae_pv._aesculi_0893_23	PA	PA	Pseudomonas	Proteobacteria	Gammaproteobacteria	Pseudomonadales	Pseudomonadaceae	Pseudomonas	Unknown
2507262018	Pseudomonas_syringae_pv._lachrymans_107_MAFF301315	PA	PA	Pseudomonas	Proteobacteria	Gammaproteobacteria	Pseudomonadales	Pseudomonadaceae	Pseudomonas	Unknown
2508501062	Pseudomonas_syringae_pv._lachrymans_M302278PT	PA	PA	Pseudomonas	Proteobacteria	Gammaproteobacteria	Pseudomonadales	Pseudomonadaceae	Pseudomonas	Unknown
2508501060	Pseudomonas_syringae_pv._morsprunorum_M302280PT	PA	PA	Pseudomonas	Proteobacteria	Gammaproteobacteria	Pseudomonadales	Pseudomonadaceae	Pseudomonas	Unknown
2563366773	Pseudomonas_syringae_pv._panici_LMG_2367	PA	PA	Pseudomonas	Proteobacteria	Gammaproteobacteria	Pseudomonadales	Pseudomonadaceae	Pseudomonas	Unknown
2562617135	Pseudomonas_syringae_pv._syringae_1212	PA	PA	Pseudomonas	Proteobacteria	Gammaproteobacteria	Pseudomonadales	Pseudomonadaceae	Pseudomonas	Unknown
2563366759	Pseudomonas_syringae_pv._syringae_B301D-R	PA	PA	Pseudomonas	Proteobacteria	Gammaproteobacteria	Pseudomonadales	Pseudomonadaceae	Pseudomonas	Unknown
2523533564	Pseudomonas_syringae_pv._syringae_B64	PA	PA	Pseudomonas	Proteobacteria	Gammaproteobacteria	Pseudomonadales	Pseudomonadaceae	Pseudomonas	Unknown
2508501073	Pseudomonas_syringae_pv._syringae_B728a	PA	PA	Pseudomonas	Proteobacteria	Gammaproteobacteria	Pseudomonadales	Pseudomonadaceae	Pseudomonas	Unknown
2524614661	Pseudomonas_syringae_pv._syringae_SM	PA	PA	Pseudomonas	Proteobacteria	Gammaproteobacteria	Pseudomonadales	Pseudomonadaceae	Pseudomonas	Unknown
2563367047	Pseudomonas_syringae_pv._tabaci_6605	PA	PA	Pseudomonas	Proteobacteria	Gammaproteobacteria	Pseudomonadales	Pseudomonadaceae	Pseudomonas	Unknown
2508501074	Pseudomonas_syringae_pv._tomato_DC3000	PA	PA	Pseudomonas	Proteobacteria	Gammaproteobacteria	Pseudomonadales	Pseudomonadaceae	Pseudomonas	Unknown
648276719	Pseudomonas_syringae_pv._tomato_Max13	PA	PA	Pseudomonas	Proteobacteria	Gammaproteobacteria	Pseudomonadales	Pseudomonadaceae	Pseudomonas	Unknown
642979329	Pseudomonas_syringae_pv._tomato_T1	PA	PA	Pseudomonas	Proteobacteria	Gammaproteobacteria	Pseudomonadales	Pseudomonadaceae	Pseudomonas	Unknown
2562617134	Pseudomonas_syringae_pv._pisi_H5E3	PA	PA	Pseudomonas	Proteobacteria	Gammaproteobacteria	Pseudomonadales	Pseudomonadaceae	Pseudomonas	Unknown
2645727691	Pseudomonas_syringae_pv._persicae_NCPPB_2254	PA	PA	Pseudomonas	Proteobacteria	Gammaproteobacteria	Pseudomonadales	Pseudomonadaceae	Pseudomonas	Unknown
2639762756	Pseudomonas_syringae_pv._papulans_CFBP_1754_(unscreened)	PA	PA	Pseudomonas	Proteobacteria	Gammaproteobacteria	Pseudomonadales	Pseudomonadaceae	Pseudomonas	Unknown
2645727644	Pseudomonas_coronafaciens_pv._porri_LMG_28496	PA	PA	Pseudomonas	Proteobacteria	Gammaproteobacteria	Pseudomonadales	Pseudomonadaceae	Pseudomonas	Unknown
2630968584	Pseudomonas_syringae_pv._viburni_CFBP_1702_(contamination_screened)	PA	PA	Pseudomonas	Proteobacteria	Gammaproteobacteria	Pseudomonadales	Pseudomonadaceae	Pseudomonas	Unknown
2627853708	Pseudomonas_syringae_pv._coryli_str._NCPPB_4273	PA	PA	Pseudomonas	Proteobacteria	Gammaproteobacteria	Pseudomonadales	Pseudomonadaceae	Pseudomonas	Unknown
2617270755	Pseudomonas_syringae_pv._syringae_B301D	PA	PA	Pseudomonas	Proteobacteria	Gammaproteobacteria	Pseudomonadales	Pseudomonadaceae	Pseudomonas	Unknown
642555139	Methylobacterium_populi_BJ001	PA	PA	Alphaproteobacteria	Proteobacteria	Alphaproteobacteria	Rhizobiales	Methylobacteriaceae	Methylobacterium	Populus
2609459632	Methylobacterium_sp._YR668	PA	PA	Alphaproteobacteria	Proteobacteria	Alphaproteobacteria	Rhizobiales	Methylobacteriaceae	Methylobacterium	Populus
2585427526	Rhizobium_leguminosarum_OV152	PA	PA	Alphaproteobacteria	Proteobacteria	Alphaproteobacteria	Rhizobiales	Rhizobiaceae	Rhizobium	Populus
2585427590	Rhizobium_sp._CF048	PA	PA	Alphaproteobacteria	Proteobacteria	Alphaproteobacteria	Rhizobiales	Rhizobiaceae	Rhizobium	Populus
2582581307	Rhizobium_sp._YR060	PA	PA	Alphaproteobacteria	Proteobacteria	Alphaproteobacteria	Rhizobiales	Rhizobiaceae	Rhizobium	Populus
2585427595	Rhizobium_tropici_PTD1	PA	PA	Alphaproteobacteria	Proteobacteria	Alphaproteobacteria	Rhizobiales	Rhizobiaceae	Rhizobium	Populus
2643221945	Aurantimonas_sp._Leaf443	PA	PA	Alphaproteobacteria	Proteobacteria	Alphaproteobacteria	Rhizobiales	Aurantimonadaceae	Aurantimonas	Cologne
2643221829	Aureimonas_sp._Leaf454	PA	PA	Alphaproteobacteria	Proteobacteria	Alphaproteobacteria	Rhizobiales	Aurantimonadaceae	Aureimonas	Cologne
2643221807	Aureimonas_sp._Leaf324	PA	PA	Alphaproteobacteria	Proteobacteria	Alphaproteobacteria	Rhizobiales	Aurantimonadaceae	Aureimonas	Cologne
2643221939	Aureimonas_sp._Leaf427	PA	PA	Alphaproteobacteria	Proteobacteria	Alphaproteobacteria	Rhizobiales	Aurantimonadaceae	Aureimonas	Cologne
2643221958	Bosea_sp._Leaf344	PA	PA	Alphaproteobacteria	Proteobacteria	Alphaproteobacteria	Rhizobiales	Bradyrhizobiaceae	Bosea	Cologne
2643221819	Bradyrhizobium_sp._Leaf396	PA	PA	Alphaproteobacteria	Proteobacteria	Alphaproteobacteria	Rhizobiales	Bradyrhizobiaceae	Bradyrhizobium	Cologne
2643221830	Devosia_sp._Leaf420	PA	PA	Alphaproteobacteria	Proteobacteria	Alphaproteobacteria	Rhizobiales	Hyphomicrobiaceae	Devosia	Cologne
2643221778	Devosia_sp._Leaf64	PA	PA	Alphaproteobacteria	Proteobacteria	Alphaproteobacteria	Rhizobiales	Hyphomicrobiaceae	Devosia	Cologne
2643221884	Methylobacterium_sp._Leaf123	PA	PA	Alphaproteobacteria	Proteobacteria	Alphaproteobacteria	Rhizobiales	Methylobacteriaceae	Methylobacterium	Cologne
2643221863	Methylobacterium_sp._Leaf91	PA	PA	Alphaproteobacteria	Proteobacteria	Alphaproteobacteria	Rhizobiales	Methylobacteriaceae	Methylobacterium	Cologne
2643221943	Methylobacterium_sp._Leaf465	PA	PA	Alphaproteobacteria	Proteobacteria	Alphaproteobacteria	Rhizobiales	Methylobacteriaceae	Methylobacterium	Cologne
2643221804	Methylobacterium_sp._Leaf113	PA	PA	Alphaproteobacteria	Proteobacteria	Alphaproteobacteria	Rhizobiales	Methylobacteriaceae	Methylobacterium	Cologne
2643221864	Methylobacterium_sp._Leaf92	PA	PA	Alphaproteobacteria	Proteobacteria	Alphaproteobacteria	Rhizobiales	Methylobacteriaceae	Methylobacterium	Cologne
2643221871	Methylobacterium_sp._Leaf111	PA	PA	Alphaproteobacteria	Proteobacteria	Alphaproteobacteria	Rhizobiales	Methylobacteriaceae	Methylobacterium	Cologne
2643221798	Methylobacterium_sp._Leaf100	PA	PA	Alphaproteobacteria	Proteobacteria	Alphaproteobacteria	Rhizobiales	Methylobacteriaceae	Methylobacterium	Cologne
2643221841	Methylobacterium_sp._Leaf88	PA	PA	Alphaproteobacteria	Proteobacteria	Alphaproteobacteria	Rhizobiales	Methylobacteriaceae	Methylobacterium	Cologne
2643221929	Methylobacterium_sp._Leaf361	PA	PA	Alphaproteobacteria	Proteobacteria	Alphaproteobacteria	Rhizobiales	Methylobacteriaceae	Methylobacterium	Cologne
2643221938	Methylobacterium_sp._Leaf456	PA	PA	Alphaproteobacteria	Proteobacteria	Alphaproteobacteria	Rhizobiales	Methylobacteriaceae	Methylobacterium	Cologne
2643221881	Methylobacterium_sp._Leaf121	PA	PA	Alphaproteobacteria	Proteobacteria	Alphaproteobacteria	Rhizobiales	Methylobacteriaceae	Methylobacterium	Cologne
2643221796	Methylobacterium_sp._Leaf99	PA	PA	Alphaproteobacteria	Proteobacteria	Alphaproteobacteria	Rhizobiales	Methylobacteriaceae	Methylobacterium	Cologne
2643221837	Methylobacterium_sp._Leaf86	PA	PA	Alphaproteobacteria	Proteobacteria	Alphaproteobacteria	Rhizobiales	Methylobacteriaceae	Methylobacterium	Cologne
2643221886	Methylobacterium_sp._Leaf125	PA	PA	Alphaproteobacteria	Proteobacteria	Alphaproteobacteria	Rhizobiales	Methylobacteriaceae	Methylobacterium	Cologne
2643221868	Methylobacterium_sp._Leaf106	PA	PA	Alphaproteobacteria	Proteobacteria	Alphaproteobacteria	Rhizobiales	Methylobacteriaceae	Methylobacterium	Cologne
2643221861	Methylobacterium_sp._Leaf90	PA	PA	Alphaproteobacteria	Proteobacteria	Alphaproteobacteria	Rhizobiales	Methylobacteriaceae	Methylobacterium	Cologne
2643221874	Methylobacterium_sp._Leaf117	PA	PA	Alphaproteobacteria	Proteobacteria	Alphaproteobacteria	Rhizobiales	Methylobacteriaceae	Methylobacterium	Cologne
2643221839	Methylobacterium_sp._Leaf87	PA	PA	Alphaproteobacteria	Proteobacteria	Alphaproteobacteria	Rhizobiales	Methylobacteriaceae	Methylobacterium	Cologne
2643221801	Methylobacterium_sp._Leaf104	PA	PA	Alphaproteobacteria	Proteobacteria	Alphaproteobacteria	Rhizobiales	Methylobacteriaceae	Methylobacterium	Cologne
2643221946	Methylobacterium_sp._Leaf469	PA	PA	Alphaproteobacteria	Proteobacteria	Alphaproteobacteria	Rhizobiales	Methylobacteriaceae	Methylobacterium	Cologne
2643221859	Methylobacterium_sp._Leaf89	PA	PA	Alphaproteobacteria	Proteobacteria	Alphaproteobacteria	Rhizobiales	Methylobacteriaceae	Methylobacterium	Cologne
2643221882	Methylobacterium_sp._Leaf122	PA	PA	Alphaproteobacteria	Proteobacteria	Alphaproteobacteria	Rhizobiales	Methylobacteriaceae	Methylobacterium	Cologne
2643221866	Methylobacterium_sp._Leaf93	PA	PA	Alphaproteobacteria	Proteobacteria	Alphaproteobacteria	Rhizobiales	Methylobacteriaceae	Methylobacterium	Cologne
2643221802	Methylobacterium_sp._Leaf112	PA	PA	Alphaproteobacteria	Proteobacteria	Alphaproteobacteria	Rhizobiales	Methylobacteriaceae	Methylobacterium	Cologne
2643221952	Methylobacterium_sp._Leaf94	PA	PA	Alphaproteobacteria	Proteobacteria	Alphaproteobacteria	Rhizobiales	Methylobacteriaceae	Methylobacterium	Cologne
2643221835	Methylobacterium_sp._Leaf85	PA	PA	Alphaproteobacteria	Proteobacteria	Alphaproteobacteria	Rhizobiales	Methylobacteriaceae	Methylobacterium	Cologne
2643221870	Methylobacterium_sp._Leaf108	PA	PA	Alphaproteobacteria	Proteobacteria	Alphaproteobacteria	Rhizobiales	Methylobacteriaceae	Methylobacterium	Cologne
2643221820	Methylobacterium_sp._Leaf399	PA	PA	Alphaproteobacteria	Proteobacteria	Alphaproteobacteria	Rhizobiales	Methylobacteriaceae	Methylobacterium	Cologne
2643221799	Methylobacterium_sp._Leaf102	PA	PA	Alphaproteobacteria	Proteobacteria	Alphaproteobacteria	Rhizobiales	Methylobacteriaceae	Methylobacterium	Cologne
2643221944	Methylobacterium_sp._Leaf466	PA	PA	Alphaproteobacteria	Proteobacteria	Alphaproteobacteria	Rhizobiales	Methylobacteriaceae	Methylobacterium	Cologne
2643221935	Rhizobium_sp._Leaf386	PA	PA	Alphaproteobacteria	Proteobacteria	Alphaproteobacteria	Rhizobiales	Rhizobiaceae	Rhizobium	Cologne
2643221860	Rhizobium_sp._Leaf262	PA	PA	Alphaproteobacteria	Proteobacteria	Alphaproteobacteria	Rhizobiales	Rhizobiaceae	Rhizobium	Cologne
2643221896	Rhizobium_sp._Leaf321	PA	PA	Alphaproteobacteria	Proteobacteria	Alphaproteobacteria	Rhizobiales	Rhizobiaceae	Rhizobium	Cologne
2643221889	Rhizobium_sp._Leaf306	PA	PA	Alphaproteobacteria	Proteobacteria	Alphaproteobacteria	Rhizobiales	Rhizobiaceae	Rhizobium	Cologne
2643221933	Rhizobium_sp._Leaf383	PA	PA	Alphaproteobacteria	Proteobacteria	Alphaproteobacteria	Rhizobiales	Rhizobiaceae	Rhizobium	Cologne
2643221934	Rhizobium_sp._Leaf384	PA	PA	Alphaproteobacteria	Proteobacteria	Alphaproteobacteria	Rhizobiales	Rhizobiaceae	Rhizobium	Cologne
2643221915	Rhizobium_sp._Leaf341	PA	PA	Alphaproteobacteria	Proteobacteria	Alphaproteobacteria	Rhizobiales	Rhizobiaceae	Rhizobium	Cologne
2643221891	Rhizobium_sp._Leaf311	PA	PA	Alphaproteobacteria	Proteobacteria	Alphaproteobacteria	Rhizobiales	Rhizobiaceae	Rhizobium	Cologne
2643221931	Rhizobium_sp._Leaf371	PA	PA	Alphaproteobacteria	Proteobacteria	Alphaproteobacteria	Rhizobiales	Rhizobiaceae	Rhizobium	Cologne
2643221936	Rhizobium_sp._Leaf391	PA	PA	Alphaproteobacteria	Proteobacteria	Alphaproteobacteria	Rhizobiales	Rhizobiaceae	Rhizobium	Cologne
2643221832	Rhizobium_sp._Leaf453	PA	PA	Alphaproteobacteria	Proteobacteria	Alphaproteobacteria	Rhizobiales	Rhizobiaceae	Rhizobium	Cologne
2643221905	Rhizobium_sp._Leaf155	PA	PA	Alphaproteobacteria	Proteobacteria	Alphaproteobacteria	Rhizobiales	Rhizobiaceae	Rhizobium	Cologne
2643221780	Rhizobium_sp._Leaf68	PA	PA	Alphaproteobacteria	Proteobacteria	Alphaproteobacteria	Rhizobiales	Rhizobiaceae	Rhizobium	Cologne
2609460070	Agrobacterium_rhizogenes_ATCC_15834	PA	PA	Alphaproteobacteria	Proteobacteria	Alphaproteobacteria	Rhizobiales	Rhizobiaceae	Agrobacterium	Unknown
2537561587	Agrobacterium_tumefaciens_Cherry_2E-2-2	PA	PA	Alphaproteobacteria	Proteobacteria	Alphaproteobacteria	Rhizobiales	Rhizobiaceae	Agrobacterium	Unknown
650716007	Agrobacterium_sp._H13-3	PA	PA	Alphaproteobacteria	Proteobacteria	Alphaproteobacteria	Rhizobiales	Rhizobiaceae	Agrobacterium	Unknown
2623620883	Agrobacterium_tumefaciens_C58-UWash	PA	PA	Alphaproteobacteria	Proteobacteria	Alphaproteobacteria	Rhizobiales	Rhizobiaceae	Agrobacterium	Unknown
2585427965	Agrobacterium_tumefaciens_LBA4404	PA	PA	Alphaproteobacteria	Proteobacteria	Alphaproteobacteria	Rhizobiales	Rhizobiaceae	Agrobacterium	Unknown
2558860242	Agrobacterium_tumefaciens_P4	PA	PA	Alphaproteobacteria	Proteobacteria	Alphaproteobacteria	Rhizobiales	Rhizobiaceae	Agrobacterium	Unknown
2554235003	Agrobacterium_tumefaciens_WRT31	PA	PA	Alphaproteobacteria	Proteobacteria	Alphaproteobacteria	Rhizobiales	Rhizobiaceae	Agrobacterium	Unknown
643348505	Agrobacterium_vitis_bv._III_S4	PA	PA	Alphaproteobacteria	Proteobacteria	Alphaproteobacteria	Rhizobiales	Rhizobiaceae	Agrobacterium	Unknown
641228476	Azorhizobium_caulinodans_ORS_571	PA	PA	Alphaproteobacteria	Proteobacteria	Alphaproteobacteria	Rhizobiales	Xanthobacteraceae	Azorhizobium	Unknown
2513237087	Azorhizobium_doebereinerae_UFLA1-100	PA	PA	Alphaproteobacteria	Proteobacteria	Alphaproteobacteria	Rhizobiales	Xanthobacteraceae	Azorhizobium	Unknown
2513237145	Bradyrhizobium_elkanii_USDA_3254	PA	PA	Alphaproteobacteria	Proteobacteria	Alphaproteobacteria	Rhizobiales	Bradyrhizobiaceae	Bradyrhizobium	Unknown
2517572143	Bradyrhizobium_elkanii_USDA_76	PA	PA	Alphaproteobacteria	Proteobacteria	Alphaproteobacteria	Rhizobiales	Bradyrhizobiaceae	Bradyrhizobium	Unknown
2513237098	Bradyrhizobium_elkanii_WSM2783	PA	PA	Alphaproteobacteria	Proteobacteria	Alphaproteobacteria	Rhizobiales	Bradyrhizobiaceae	Bradyrhizobium	Unknown
2623620631	Bradyrhizobium_japonicum_USDA_110	PA	PA	Alphaproteobacteria	Proteobacteria	Alphaproteobacteria	Rhizobiales	Bradyrhizobiaceae	Bradyrhizobium	Unknown
2513237095	Bradyrhizobium_japonicum_USDA_122	PA	PA	Alphaproteobacteria	Proteobacteria	Alphaproteobacteria	Rhizobiales	Bradyrhizobiaceae	Bradyrhizobium	Unknown
2528768022	Bradyrhizobium_japonicum_USDA_123	PA	PA	Alphaproteobacteria	Proteobacteria	Alphaproteobacteria	Rhizobiales	Bradyrhizobiaceae	Bradyrhizobium	Unknown
2517093001	Bradyrhizobium_japonicum_USDA_124	PA	PA	Alphaproteobacteria	Proteobacteria	Alphaproteobacteria	Rhizobiales	Bradyrhizobiaceae	Bradyrhizobium	Unknown
2513237148	Bradyrhizobium_japonicum_USDA_38	PA	PA	Alphaproteobacteria	Proteobacteria	Alphaproteobacteria	Rhizobiales	Bradyrhizobiaceae	Bradyrhizobium	Unknown
2513237139	Bradyrhizobium_japonicum_USDA_4	PA	PA	Alphaproteobacteria	Proteobacteria	Alphaproteobacteria	Rhizobiales	Bradyrhizobiaceae	Bradyrhizobium	Unknown
2511231207	Bradyrhizobium_japonicum_USDA_6	PA	PA	Alphaproteobacteria	Proteobacteria	Alphaproteobacteria	Rhizobiales	Bradyrhizobiaceae	Bradyrhizobium	Unknown
2508501128	Bradyrhizobium_sp._ARR65	PA	PA	Alphaproteobacteria	Proteobacteria	Alphaproteobacteria	Rhizobiales	Bradyrhizobiaceae	Bradyrhizobium	Unknown
640427103	Bradyrhizobium_sp._BTAi1	PA	PA	Alphaproteobacteria	Proteobacteria	Alphaproteobacteria	Rhizobiales	Bradyrhizobiaceae	Bradyrhizobium	Unknown
2524023205	Bradyrhizobium_sp._Cp5.3	PA	PA	Alphaproteobacteria	Proteobacteria	Alphaproteobacteria	Rhizobiales	Bradyrhizobiaceae	Bradyrhizobium	Unknown
2513237104	Bradyrhizobium_sp._EC3.3	PA	PA	Alphaproteobacteria	Proteobacteria	Alphaproteobacteria	Rhizobiales	Bradyrhizobiaceae	Bradyrhizobium	Unknown
640427104	Bradyrhizobium_sp._ORS278	PA	PA	Alphaproteobacteria	Proteobacteria	Alphaproteobacteria	Rhizobiales	Bradyrhizobiaceae	Bradyrhizobium	Unknown
2513237268	Bradyrhizobium_sp._ORS285	PA	PA	Alphaproteobacteria	Proteobacteria	Alphaproteobacteria	Rhizobiales	Bradyrhizobiaceae	Bradyrhizobium	Unknown
2524023228	Bradyrhizobium_sp._Th.b2	PA	PA	Alphaproteobacteria	Proteobacteria	Alphaproteobacteria	Rhizobiales	Bradyrhizobiaceae	Bradyrhizobium	Unknown
2513237141	Bradyrhizobium_sp._TV2a.2	PA	PA	Alphaproteobacteria	Proteobacteria	Alphaproteobacteria	Rhizobiales	Bradyrhizobiaceae	Bradyrhizobium	Unknown
2513237153	Bradyrhizobium_sp._WSM2254	PA	PA	Alphaproteobacteria	Proteobacteria	Alphaproteobacteria	Rhizobiales	Bradyrhizobiaceae	Bradyrhizobium	Unknown
2513237094	Bradyrhizobium_sp._WSM3983	PA	PA	Alphaproteobacteria	Proteobacteria	Alphaproteobacteria	Rhizobiales	Bradyrhizobiaceae	Bradyrhizobium	Unknown
2515154112	Bradyrhizobium_sp._WSM4349	PA	PA	Alphaproteobacteria	Proteobacteria	Alphaproteobacteria	Rhizobiales	Bradyrhizobiaceae	Bradyrhizobium	Unknown
2508501009	Bradyrhizobium_sp._WSM471	PA	PA	Alphaproteobacteria	Proteobacteria	Alphaproteobacteria	Rhizobiales	Bradyrhizobiaceae	Bradyrhizobium	Unknown
2512047086	Ensifer_arboris_LMG_14919	PA	PA	Alphaproteobacteria	Proteobacteria	Alphaproteobacteria	Rhizobiales	Rhizobiaceae	Ensifer	Unknown
2514885035	Ensifer_fredii_USDA_257	PA	PA	Alphaproteobacteria	Proteobacteria	Alphaproteobacteria	Rhizobiales	Rhizobiaceae	Ensifer	Unknown
2513237089	Ensifer_medicae_Di28	PA	PA	Alphaproteobacteria	Proteobacteria	Alphaproteobacteria	Rhizobiales	Rhizobiaceae	Ensifer	Unknown
2513237156	Ensifer_medicae_WSM1369	PA	PA	Alphaproteobacteria	Proteobacteria	Alphaproteobacteria	Rhizobiales	Rhizobiaceae	Ensifer	Unknown
2513237160	Ensifer_medicae_WSM244	PA	PA	Alphaproteobacteria	Proteobacteria	Alphaproteobacteria	Rhizobiales	Rhizobiaceae	Ensifer	Unknown
2517487022	Ensifer_medicae_WSM4191	PA	PA	Alphaproteobacteria	Proteobacteria	Alphaproteobacteria	Rhizobiales	Rhizobiaceae	Ensifer	Unknown
2562617130	Ensifer_meliloti_2011	PA	PA	Alphaproteobacteria	Proteobacteria	Alphaproteobacteria	Rhizobiales	Rhizobiaceae	Ensifer	Unknown
2515154107	Ensifer_meliloti_4H41	PA	PA	Alphaproteobacteria	Proteobacteria	Alphaproteobacteria	Rhizobiales	Rhizobiaceae	Ensifer	Unknown
2551306085	Ensifer_meliloti_AE608H	PA	PA	Alphaproteobacteria	Proteobacteria	Alphaproteobacteria	Rhizobiales	Rhizobiaceae	Ensifer	Unknown
650716086	"Ensifer_meliloti_AK83,_DSM_23913"	PA	PA	Alphaproteobacteria	Proteobacteria	Alphaproteobacteria	Rhizobiales	Rhizobiaceae	Ensifer	Unknown
648276728	Ensifer_meliloti_BL225C	PA	PA	Alphaproteobacteria	Proteobacteria	Alphaproteobacteria	Rhizobiales	Rhizobiaceae	Ensifer	Unknown
2519103084	Ensifer_meliloti_CCNWSX0020	PA	PA	Alphaproteobacteria	Proteobacteria	Alphaproteobacteria	Rhizobiales	Rhizobiaceae	Ensifer	Unknown
2510065056	Ensifer_meliloti_CIAM1775	PA	PA	Alphaproteobacteria	Proteobacteria	Alphaproteobacteria	Rhizobiales	Rhizobiaceae	Ensifer	Unknown
2523533632	Ensifer_meliloti_GR4	PA	PA	Alphaproteobacteria	Proteobacteria	Alphaproteobacteria	Rhizobiales	Rhizobiaceae	Ensifer	Unknown
2513237140	Ensifer_meliloti_GVPV12	PA	PA	Alphaproteobacteria	Proteobacteria	Alphaproteobacteria	Rhizobiales	Rhizobiaceae	Ensifer	Unknown
2513237143	Ensifer_meliloti_Mlalz-1	PA	PA	Alphaproteobacteria	Proteobacteria	Alphaproteobacteria	Rhizobiales	Rhizobiaceae	Ensifer	Unknown
2513237086	Ensifer_meliloti_MVII-I	PA	PA	Alphaproteobacteria	Proteobacteria	Alphaproteobacteria	Rhizobiales	Rhizobiaceae	Ensifer	Unknown
2561511187	Ensifer_meliloti_Rm41	PA	PA	Alphaproteobacteria	Proteobacteria	Alphaproteobacteria	Rhizobiales	Rhizobiaceae	Ensifer	Unknown
651053067	Ensifer_meliloti_SM11	PA	PA	Alphaproteobacteria	Proteobacteria	Alphaproteobacteria	Rhizobiales	Rhizobiaceae	Ensifer	Unknown
2508501122	Ensifer_sp._WSM1721	PA	PA	Alphaproteobacteria	Proteobacteria	Alphaproteobacteria	Rhizobiales	Rhizobiaceae	Ensifer	Unknown
2516143018	Ensifer_sp._BR816	PA	PA	Alphaproteobacteria	Proteobacteria	Alphaproteobacteria	Rhizobiales	Rhizobiaceae	Ensifer	Unknown
2524023207	"Ensifer_sp._USDA_6670,_CC2017"	PA	PA	Alphaproteobacteria	Proteobacteria	Alphaproteobacteria	Rhizobiales	Rhizobiaceae	Ensifer	Unknown
2513237305	Mesorhizobium_amorphae_CCNWGS0123	PA	PA	Alphaproteobacteria	Proteobacteria	Alphaproteobacteria	Rhizobiales	Phyllobacteriaceae	Mesorhizobium	Unknown
2509276018	Mesorhizobium_ciceri_CMG6	PA	PA	Alphaproteobacteria	Proteobacteria	Alphaproteobacteria	Rhizobiales	Phyllobacteriaceae	Mesorhizobium	Unknown
2623620786	Mesorhizobium_loti_MAFF303099	PA	PA	Alphaproteobacteria	Proteobacteria	Alphaproteobacteria	Rhizobiales	Phyllobacteriaceae	Mesorhizobium	Unknown
2513237147	Mesorhizobium_loti_USDA_3471	PA	PA	Alphaproteobacteria	Proteobacteria	Alphaproteobacteria	Rhizobiales	Phyllobacteriaceae	Mesorhizobium	Unknown
2508501126	Mesorhizobium_sp._WSM1293	PA	PA	Alphaproteobacteria	Proteobacteria	Alphaproteobacteria	Rhizobiales	Phyllobacteriaceae	Mesorhizobium	Unknown
2508501127	Mesorhizobium_sp._WSM2561	PA	PA	Alphaproteobacteria	Proteobacteria	Alphaproteobacteria	Rhizobiales	Phyllobacteriaceae	Mesorhizobium	Unknown
2513237090	Mesorhizobium_sp._WSM3224	PA	PA	Alphaproteobacteria	Proteobacteria	Alphaproteobacteria	Rhizobiales	Phyllobacteriaceae	Mesorhizobium	Unknown
2508501123	Mesorhizobium_sp._WSM3626	PA	PA	Alphaproteobacteria	Proteobacteria	Alphaproteobacteria	Rhizobiales	Phyllobacteriaceae	Mesorhizobium	Unknown
2507262015	Methylobacterium_extorquens_DSM_13060	PA	PA	Alphaproteobacteria	Proteobacteria	Alphaproteobacteria	Rhizobiales	Methylobacteriaceae	Methylobacterium	Unknown
641228497	Methylobacterium_extorquens_PA1	PA	PA	Alphaproteobacteria	Proteobacteria	Alphaproteobacteria	Rhizobiales	Methylobacteriaceae	Methylobacterium	Unknown
641522638	Methylobacterium_radiotolerans_JCM_2831	PA	PA	Alphaproteobacteria	Proteobacteria	Alphaproteobacteria	Rhizobiales	Methylobacteriaceae	Methylobacterium	Unknown
641522639	Methylobacterium_sp._4-46	PA	PA	Alphaproteobacteria	Proteobacteria	Alphaproteobacteria	Rhizobiales	Methylobacteriaceae	Methylobacterium	Unknown
2540341035	Methylobacterium_sp._GXF4	PA	PA	Alphaproteobacteria	Proteobacteria	Alphaproteobacteria	Rhizobiales	Methylobacteriaceae	Methylobacterium	Unknown
2537561733	Ochrobactrum_sp._CDB2	PA	PA	Alphaproteobacteria	Proteobacteria	Alphaproteobacteria	Rhizobiales	Brucellaceae	Ochrobactrum	Unknown
2523231067	Pleomorphomonas_oryzae_DSM_16300	PA	PA	Alphaproteobacteria	Proteobacteria	Alphaproteobacteria	Rhizobiales	Methylocystaceae	Pleomorphomonas	Unknown
2565956559	Rhizobium_etli_bv._mimosae_Mim1	PA	PA	Alphaproteobacteria	Proteobacteria	Alphaproteobacteria	Rhizobiales	Rhizobiaceae	Rhizobium	Unknown
640427137	"Rhizobium_etli_CFN_42,_DSM_11541"	PA	PA	Alphaproteobacteria	Proteobacteria	Alphaproteobacteria	Rhizobiales	Rhizobiaceae	Rhizobium	Unknown
642555152	Rhizobium_etli_CIAT_652	PA	PA	Alphaproteobacteria	Proteobacteria	Alphaproteobacteria	Rhizobiales	Rhizobiaceae	Rhizobium	Unknown
2515154134	Rhizobium_gallicum_bv._gallicum_R602sp	PA	PA	Alphaproteobacteria	Proteobacteria	Alphaproteobacteria	Rhizobiales	Rhizobiaceae	Rhizobium	Unknown
2513237159	Rhizobium_giardinii_bv._giardinii_H152	PA	PA	Alphaproteobacteria	Proteobacteria	Alphaproteobacteria	Rhizobiales	Rhizobiaceae	Rhizobium	Unknown
2540341200	Rhizobium_larrymoorei_ATCC_51759	PA	PA	Alphaproteobacteria	Proteobacteria	Alphaproteobacteria	Rhizobiales	Rhizobiaceae	Rhizobium	Unknown
2513237093	Rhizobium_leguminosarum_bv._phaseoli_FA23	PA	PA	Alphaproteobacteria	Proteobacteria	Alphaproteobacteria	Rhizobiales	Rhizobiaceae	Rhizobium	Unknown
2509276052	Rhizobium_leguminosarum_bv._trifolii_CC278f	PA	PA	Alphaproteobacteria	Proteobacteria	Alphaproteobacteria	Rhizobiales	Rhizobiaceae	Rhizobium	Unknown
2508501100	Rhizobium_leguminosarum_bv._trifolii_WSM2297	PA	PA	Alphaproteobacteria	Proteobacteria	Alphaproteobacteria	Rhizobiales	Rhizobiaceae	Rhizobium	Unknown
2515154115	Rhizobium_leguminosarum_bv._viciae_128C53	PA	PA	Alphaproteobacteria	Proteobacteria	Alphaproteobacteria	Rhizobiales	Rhizobiaceae	Rhizobium	Unknown
2513237162	Rhizobium_leguminosarum_bv._viciae_GB30	PA	PA	Alphaproteobacteria	Proteobacteria	Alphaproteobacteria	Rhizobiales	Rhizobiaceae	Rhizobium	Unknown
2513237084	Rhizobium_leguminosarum_bv._viciae_UPM1131	PA	PA	Alphaproteobacteria	Proteobacteria	Alphaproteobacteria	Rhizobiales	Rhizobiaceae	Rhizobium	Unknown
2513237085	Rhizobium_leguminosarum_bv._viciae_UPM1137	PA	PA	Alphaproteobacteria	Proteobacteria	Alphaproteobacteria	Rhizobiales	Rhizobiaceae	Rhizobium	Unknown
2513237103	Rhizobium_leguminosarum_bv._viciae_VF39	PA	PA	Alphaproteobacteria	Proteobacteria	Alphaproteobacteria	Rhizobiales	Rhizobiaceae	Rhizobium	Unknown
2509276044	Rhizobium_leguminosarum_bv._viciae_WSM1455	PA	PA	Alphaproteobacteria	Proteobacteria	Alphaproteobacteria	Rhizobiales	Rhizobiaceae	Rhizobium	Unknown
2516653077	Rhizobium_leguminosarum_bv._viciae_WSM1481	PA	PA	Alphaproteobacteria	Proteobacteria	Alphaproteobacteria	Rhizobiales	Rhizobiaceae	Rhizobium	Unknown
2516653085	Rhizobium_leguminosarum_bv._phaseoli_4292	PA	PA	Alphaproteobacteria	Proteobacteria	Alphaproteobacteria	Rhizobiales	Rhizobiaceae	Rhizobium	Unknown
2510065076	Rhizobium_leguminosarum_bv._trifolii_CB782	PA	PA	Alphaproteobacteria	Proteobacteria	Alphaproteobacteria	Rhizobiales	Rhizobiaceae	Rhizobium	Unknown
2507525018	Rhizobium_leguminosarum_bv._trifolii_CC283b	PA	PA	Alphaproteobacteria	Proteobacteria	Alphaproteobacteria	Rhizobiales	Rhizobiaceae	Rhizobium	Unknown
644736401	Rhizobium_leguminosarum_bv._trifolii_WSM1325	PA	PA	Alphaproteobacteria	Proteobacteria	Alphaproteobacteria	Rhizobiales	Rhizobiaceae	Rhizobium	Unknown
643348569	Rhizobium_leguminosarum_bv._trifolii_WSM2304	PA	PA	Alphaproteobacteria	Proteobacteria	Alphaproteobacteria	Rhizobiales	Rhizobiaceae	Rhizobium	Unknown
2515075009	Rhizobium_leguminosarum_bv._viciae_248	PA	PA	Alphaproteobacteria	Proteobacteria	Alphaproteobacteria	Rhizobiales	Rhizobiaceae	Rhizobium	Unknown
639633055	Rhizobium_leguminosarum_bv._viciae_3841	PA	PA	Alphaproteobacteria	Proteobacteria	Alphaproteobacteria	Rhizobiales	Rhizobiaceae	Rhizobium	Unknown
2515154116	Rhizobium_leguminosarum_bv._viciae_Ps8	PA	PA	Alphaproteobacteria	Proteobacteria	Alphaproteobacteria	Rhizobiales	Rhizobiaceae	Rhizobium	Unknown
2516653047	Rhizobium_leguminosarum_bv._viciae_TOM	PA	PA	Alphaproteobacteria	Proteobacteria	Alphaproteobacteria	Rhizobiales	Rhizobiaceae	Rhizobium	Unknown
2515154113	Rhizobium_leguminosarum_bv._viciae_Vc2	PA	PA	Alphaproteobacteria	Proteobacteria	Alphaproteobacteria	Rhizobiales	Rhizobiaceae	Rhizobium	Unknown
2515154114	Rhizobium_leguminosarum_bv._viciae_Vh3	PA	PA	Alphaproteobacteria	Proteobacteria	Alphaproteobacteria	Rhizobiales	Rhizobiaceae	Rhizobium	Unknown
2524023209	Rhizobium_leucaenae_USDA_9039	PA	PA	Alphaproteobacteria	Proteobacteria	Alphaproteobacteria	Rhizobiales	Rhizobiaceae	Rhizobium	Unknown
2534682333	Rhizobium_mesoamericanum_STM3625	PA	PA	Alphaproteobacteria	Proteobacteria	Alphaproteobacteria	Rhizobiales	Rhizobiaceae	Rhizobium	Unknown
2513237088	Rhizobium_mesoamericanum_STM6155	PA	PA	Alphaproteobacteria	Proteobacteria	Alphaproteobacteria	Rhizobiales	Rhizobiaceae	Rhizobium	Unknown
2513237146	Rhizobium_mongolense_USDA_1844	PA	PA	Alphaproteobacteria	Proteobacteria	Alphaproteobacteria	Rhizobiales	Rhizobiaceae	Rhizobium	Unknown
643348504	Rhizobium_rhizogenes_bv._II_K84	PA	PA	Alphaproteobacteria	Proteobacteria	Alphaproteobacteria	Rhizobiales	Rhizobiaceae	Agrobacterium	Unknown
2588253840	Rhizobium_rhizogenes_NBRC_13257	PA	PA	Alphaproteobacteria	Proteobacteria	Alphaproteobacteria	Rhizobiales	Rhizobiaceae	Rhizobium	Unknown
2600255076	Rhizobium_rubi_NBRC_13261	PA	PA	Alphaproteobacteria	Proteobacteria	Alphaproteobacteria	Rhizobiales	Rhizobiaceae	Rhizobium	Unknown
2513237138	Rhizobium_sp._OR_191	PA	PA	Alphaproteobacteria	Proteobacteria	Alphaproteobacteria	Rhizobiales	Rhizobiaceae	Rhizobium	Unknown
2513237144	Rhizobium_sullae_WSM1592	PA	PA	Alphaproteobacteria	Proteobacteria	Alphaproteobacteria	Rhizobiales	Rhizobiaceae	Rhizobium	Unknown
2531839201	Methylobacterium_mesophilicum_SR1.6/6	PA	PA	Alphaproteobacteria	Proteobacteria	Alphaproteobacteria	Rhizobiales	Methylobacteriaceae	Methylobacterium	Unknown
2548876814	Rhizobium_phaseoli_Ch24-10	PA	PA	Alphaproteobacteria	Proteobacteria	Alphaproteobacteria	Rhizobiales	Rhizobiaceae	Rhizobium	Unknown
2643221750	Pedobacter_sp._Leaf216	PA	PA	Bacteroidetes	Bacteroidetes	Sphingobacteriia	Sphingobacteriales	Sphingobacteriaceae	Pedobacter	Cologne
2643221768	Pedobacter_sp._Leaf41	PA	PA	Bacteroidetes	Bacteroidetes	Sphingobacteriia	Sphingobacteriales	Sphingobacteriaceae	Pedobacter	Cologne
2643221914	Pedobacter_sp._Leaf176	PA	PA	Bacteroidetes	Bacteroidetes	Sphingobacteriia	Sphingobacteriales	Sphingobacteriaceae	Pedobacter	Cologne
2643221926	Pedobacter_sp._Leaf194	PA	PA	Bacteroidetes	Bacteroidetes	Sphingobacteriia	Sphingobacteriales	Sphingobacteriaceae	Pedobacter	Cologne
2622736524	Pedobacter_suwonensis_DSM_18130	PA	PA	Bacteroidetes	Bacteroidetes	Sphingobacteriia	Sphingobacteriales	Sphingobacteriaceae	Pedobacter	Unknown
2622736512	Pedobacter_soli_DSM_18609	PA	PA	Bacteroidetes	Bacteroidetes	Sphingobacteriia	Sphingobacteriales	Sphingobacteriaceae	Pedobacter	Unknown
2622736518	Mucilaginibacter_polytrichastri_DSM_26907	PA	PA	Bacteroidetes	Bacteroidetes	Sphingobacteriia	Sphingobacteriales	Sphingobacteriaceae	Mucilaginibacter	Unknown
2622736586	Pedobacter_rhizosphaerae_DSM_18610	PA	PA	Bacteroidetes	Bacteroidetes	Sphingobacteriia	Sphingobacteriales	Sphingobacteriaceae	Pedobacter	Unknown
2579778889	Sphingobacterium_sp._H1ai	PA	PA	Bacteroidetes	Bacteroidetes	Sphingobacteriia	Sphingobacteriales	Sphingobacteriaceae	Sphingobacterium	Unknown
644736340	"Chitinophaga_pinensis_UQM_2034,_DSM_2588"	PA	PA	Bacteroidetes	Bacteroidetes	Sphingobacteriia	Sphingobacteriales	Chitinophagaceae	Chitinophaga	Unknown
2582581305	Sphingomonas_wittichii_YR128	PA	PA	Alphaproteobacteria	Proteobacteria	Alphaproteobacteria	Sphingomonadales	Sphingomonadaceae	Sphingomonas	Populus
2643221917	Sphingomonas_sp._Leaf343	PA	PA	Alphaproteobacteria	Proteobacteria	Alphaproteobacteria	Sphingomonadales	Sphingomonadaceae	Sphingomonas	Cologne
2643221758	Sphingomonas_sp._Leaf25	PA	PA	Alphaproteobacteria	Proteobacteria	Alphaproteobacteria	Sphingomonadales	Sphingomonadaceae	Sphingomonas	Cologne
2643221766	Sphingomonas_sp._Leaf34	PA	PA	Alphaproteobacteria	Proteobacteria	Alphaproteobacteria	Sphingomonadales	Sphingomonadaceae	Sphingomonas	Cologne
2643221761	Sphingomonas_sp._Leaf28	PA	PA	Alphaproteobacteria	Proteobacteria	Alphaproteobacteria	Sphingomonadales	Sphingomonadaceae	Sphingomonas	Cologne
2643221744	Sphingomonas_sp._Leaf10	PA	PA	Alphaproteobacteria	Proteobacteria	Alphaproteobacteria	Sphingomonadales	Sphingomonadaceae	Sphingomonas	Cologne
2643221782	Sphingomonas_sp._Leaf231	PA	PA	Alphaproteobacteria	Proteobacteria	Alphaproteobacteria	Sphingomonadales	Sphingomonadaceae	Sphingomonas	Cologne
2643221751	Sphingomonas_sp._Leaf20	PA	PA	Alphaproteobacteria	Proteobacteria	Alphaproteobacteria	Sphingomonadales	Sphingomonadaceae	Sphingomonas	Cologne
2643221755	Sphingomonas_sp._Leaf23	PA	PA	Alphaproteobacteria	Proteobacteria	Alphaproteobacteria	Sphingomonadales	Sphingomonadaceae	Sphingomonas	Cologne
2643221816	Sphingomonas_sp._Leaf198	PA	PA	Alphaproteobacteria	Proteobacteria	Alphaproteobacteria	Sphingomonadales	Sphingomonadaceae	Sphingomonas	Cologne
2643221825	Sphingomonas_sp._Leaf412	PA	PA	Alphaproteobacteria	Proteobacteria	Alphaproteobacteria	Sphingomonadales	Sphingomonadaceae	Sphingomonas	Cologne
2643221794	Sphingomonas_sp._Leaf208	PA	PA	Alphaproteobacteria	Proteobacteria	Alphaproteobacteria	Sphingomonadales	Sphingomonadaceae	Sphingomonas	Cologne
2643221757	Sphingomonas_sp._Leaf226	PA	PA	Alphaproteobacteria	Proteobacteria	Alphaproteobacteria	Sphingomonadales	Sphingomonadaceae	Sphingomonas	Cologne
2643221786	Sphingomonas_sp._Leaf242	PA	PA	Alphaproteobacteria	Proteobacteria	Alphaproteobacteria	Sphingomonadales	Sphingomonadaceae	Sphingomonas	Cologne
2643221763	Sphingomonas_sp._Leaf30	PA	PA	Alphaproteobacteria	Proteobacteria	Alphaproteobacteria	Sphingomonadales	Sphingomonadaceae	Sphingomonas	Cologne
2643221779	Sphingomonas_sp._Leaf67	PA	PA	Alphaproteobacteria	Proteobacteria	Alphaproteobacteria	Sphingomonadales	Sphingomonadaceae	Sphingomonas	Cologne
2643221833	Sphingomonas_sp._Leaf339	PA	PA	Alphaproteobacteria	Proteobacteria	Alphaproteobacteria	Sphingomonadales	Sphingomonadaceae	Sphingomonas	Cologne
2643221765	Sphingomonas_sp._Leaf33	PA	PA	Alphaproteobacteria	Proteobacteria	Alphaproteobacteria	Sphingomonadales	Sphingomonadaceae	Sphingomonas	Cologne
2643221753	Sphingomonas_sp._Leaf22	PA	PA	Alphaproteobacteria	Proteobacteria	Alphaproteobacteria	Sphingomonadales	Sphingomonadaceae	Sphingomonas	Cologne
2643221749	Sphingomonas_sp._Leaf17	PA	PA	Alphaproteobacteria	Proteobacteria	Alphaproteobacteria	Sphingomonadales	Sphingomonadaceae	Sphingomonas	Cologne
2643221764	Sphingomonas_sp._Leaf32	PA	PA	Alphaproteobacteria	Proteobacteria	Alphaproteobacteria	Sphingomonadales	Sphingomonadaceae	Sphingomonas	Cologne
2643221756	Sphingomonas_sp._Leaf24	PA	PA	Alphaproteobacteria	Proteobacteria	Alphaproteobacteria	Sphingomonadales	Sphingomonadaceae	Sphingomonas	Cologne
2643221742	Sphingomonas_sp._Leaf9	PA	PA	Alphaproteobacteria	Proteobacteria	Alphaproteobacteria	Sphingomonadales	Sphingomonadaceae	Sphingomonas	Cologne
2643221760	Sphingomonas_sp._Leaf230	PA	PA	Alphaproteobacteria	Proteobacteria	Alphaproteobacteria	Sphingomonadales	Sphingomonadaceae	Sphingomonas	Cologne
2643221824	Sphingomonas_sp._Leaf407	PA	PA	Alphaproteobacteria	Proteobacteria	Alphaproteobacteria	Sphingomonadales	Sphingomonadaceae	Sphingomonas	Cologne
2643221813	Sphingomonas_sp._Leaf357	PA	PA	Alphaproteobacteria	Proteobacteria	Alphaproteobacteria	Sphingomonadales	Sphingomonadaceae	Sphingomonas	Cologne
2643221777	Sphingomonas_sp._Leaf62	PA	PA	Alphaproteobacteria	Proteobacteria	Alphaproteobacteria	Sphingomonadales	Sphingomonadaceae	Sphingomonas	Cologne
2643221838	Sphingomonas_sp._Leaf257	PA	PA	Alphaproteobacteria	Proteobacteria	Alphaproteobacteria	Sphingomonadales	Sphingomonadaceae	Sphingomonas	Cologne
2643221767	Sphingomonas_sp._Leaf38	PA	PA	Alphaproteobacteria	Proteobacteria	Alphaproteobacteria	Sphingomonadales	Sphingomonadaceae	Sphingomonas	Cologne
2517287015	Sphingomonas_melonis_DAPP-PG_224	PA	PA	Alphaproteobacteria	Proteobacteria	Alphaproteobacteria	Sphingomonadales	Sphingomonadaceae	Sphingomonas	Unknown
2517093015	Sphingomonas_melonis_FR1	PA	PA	Alphaproteobacteria	Proteobacteria	Alphaproteobacteria	Sphingomonadales	Sphingomonadaceae	Sphingomonas	Unknown
2517093048	Sphingomonas_phyllosphaerae_5.2	PA	PA	Alphaproteobacteria	Proteobacteria	Alphaproteobacteria	Sphingomonadales	Sphingomonadaceae	Sphingomonas	Unknown
2516493027	Sphingomonas_phyllosphaerae_FA2	PA	PA	Alphaproteobacteria	Proteobacteria	Alphaproteobacteria	Sphingomonadales	Sphingomonadaceae	Sphingomonas	Unknown
2576861281	Sphingomonas_sp._RIT328	PA	PA	Alphaproteobacteria	Proteobacteria	Alphaproteobacteria	Sphingomonadales	Sphingomonadaceae	Sphingomonas	Unknown
2630968366	Sphingomonas_taxi_ATCC_55669	PA	PA	Alphaproteobacteria	Proteobacteria	Alphaproteobacteria	Sphingomonadales	Sphingomonadaceae	Sphingomonas	Unknown
642555162	Stenotrophomonas_maltophilia_R551-3	PA	PA	Xanthomonadaceae	Proteobacteria	Gammaproteobacteria	Xanthomonadales	Xanthomonadaceae	Stenotrophomonas	Populus
2643221783	Stenotrophomonas_sp._Leaf70	PA	PA	Xanthomonadaceae	Proteobacteria	Gammaproteobacteria	Xanthomonadales	Xanthomonadaceae	Stenotrophomonas	Cologne
2643221901	Xanthomonas_sp._Leaf148	PA	PA	Xanthomonadaceae	Proteobacteria	Gammaproteobacteria	Xanthomonadales	Xanthomonadaceae	Xanthomonas	Cologne
2643221806	Xanthomonas_sp._Leaf131	PA	PA	Xanthomonadaceae	Proteobacteria	Gammaproteobacteria	Xanthomonadales	Xanthomonadaceae	Xanthomonas	Cologne
2524614729	"Arenimonas_oryziterrae_DSM_21050,_YC6267"	PA	PA	Xanthomonadaceae	Proteobacteria	Gammaproteobacteria	Lysobacterales	Lysobacteraceae	Arenimonas	Unknown
2509601034	"Frateuria_aurantia_Kondo_67,_DSM_6220"	PA	PA	Xanthomonadaceae	Proteobacteria	Gammaproteobacteria	Lysobacterales	Lysobacteraceae	Frateuria	Unknown
2596583559	Luteimonas_cucumeris_CGMCC_1.10821	PA	PA	Xanthomonadaceae	Proteobacteria	Gammaproteobacteria	Xanthomonadales	Xanthomonadaceae	Luteimonas	Unknown
2585427979	Lysobacter_antibioticus_13-6	PA	PA	Xanthomonadaceae	Proteobacteria	Gammaproteobacteria	Xanthomonadales	Xanthomonadaceae	Lysobacter	Unknown
2547132160	Pseudomonas_geniculata_N1	PA	PA	Xanthomonadaceae	Proteobacteria	Gammaproteobacteria	Xanthomonadales	Xanthomonadaceae	Pseudomonas	Unknown
2537561840	Rhodanobacter_fulvus_Jip2	PA	PA	Xanthomonadaceae	Proteobacteria	Gammaproteobacteria	Xanthomonadales	Xanthomonadaceae	Rhodanobacter	Unknown
2537561836	Rhodanobacter_spathiphylli_B39	PA	PA	Xanthomonadaceae	Proteobacteria	Gammaproteobacteria	Xanthomonadales	Xanthomonadaceae	Rhodanobacter	Unknown
2521172560	Stenotrophomonas_maltophilia_ATCC_19867	PA	PA	Xanthomonadaceae	Proteobacteria	Gammaproteobacteria	Lysobacterales	Lysobacteraceae	Stenotrophomonas	Unknown
2576861471	Stenotrophomonas_rhizophila_DSM_14405	PA	PA	Xanthomonadaceae	Proteobacteria	Gammaproteobacteria	Xanthomonadales	Xanthomonadaceae	Stenotrophomonas	Unknown
2582580998	Stenotrophomonas_sp._RIT309	PA	PA	Xanthomonadaceae	Proteobacteria	Gammaproteobacteria	Xanthomonadales	Xanthomonadaceae	Stenotrophomonas	Unknown
2562617136	Xanthomonas_albilineans_GPE_PC73	PA	PA	Xanthomonadaceae	Proteobacteria	Gammaproteobacteria	Xanthomonadales	Xanthomonadaceae	Xanthomonas	Unknown
2597489952	Xanthomonas_alfalfae_alfalfae_CFBP_3836	PA	PA	Xanthomonadaceae	Proteobacteria	Gammaproteobacteria	Xanthomonadales	Xanthomonadaceae	Xanthomonas	Unknown
2579778746	Xanthomonas_arboricola_3004	PA	PA	Xanthomonadaceae	Proteobacteria	Gammaproteobacteria	Xanthomonadales	Xanthomonadaceae	Xanthomonas	Unknown
2609460257	Xanthomonas_arboricola_pv._Celebensis_NCPPB_1630	PA	PA	Xanthomonadaceae	Proteobacteria	Gammaproteobacteria	Xanthomonadales	Xanthomonadaceae	Xanthomonas	Unknown
2609460308	Xanthomonas_arboricola_pv._celebensis_NCPPB_1832	PA	PA	Xanthomonadaceae	Proteobacteria	Gammaproteobacteria	Xanthomonadales	Xanthomonadaceae	Xanthomonas	Unknown
2623620794	Xanthomonas_axonopodis_pv._citri_306	PA	PA	Xanthomonadaceae	Proteobacteria	Gammaproteobacteria	Xanthomonadales	Xanthomonadaceae	Xanthomonas	Unknown
2511231060	Xanthomonas_axonopodis_pv._citrumelo_F1	PA	PA	Xanthomonadaceae	Proteobacteria	Gammaproteobacteria	Xanthomonadales	Xanthomonadaceae	Xanthomonas	Unknown
2579779029	Xanthomonas_axonopodis_pv._glycines_8ra	PA	PA	Xanthomonadaceae	Proteobacteria	Gammaproteobacteria	Xanthomonadales	Xanthomonadaceae	Xanthomonas	Unknown
2599185106	Xanthomonas_axonopodis_pv._glycines_CFBP_2526	PA	PA	Xanthomonadaceae	Proteobacteria	Gammaproteobacteria	Xanthomonadales	Xanthomonadaceae	Xanthomonas	Unknown
2599185107	Xanthomonas_axonopodis_pv._glycines_CFBP_7119	PA	PA	Xanthomonadaceae	Proteobacteria	Gammaproteobacteria	Xanthomonadales	Xanthomonadaceae	Xanthomonas	Unknown
2519103159	Xanthomonas_axonopodis_pv._malvacearum_GSPB1386	PA	PA	Xanthomonadaceae	Proteobacteria	Gammaproteobacteria	Xanthomonadales	Xanthomonadaceae	Xanthomonas	Unknown
2519103160	Xanthomonas_axonopodis_pv._malvacearum_GSPB2388	PA	PA	Xanthomonadaceae	Proteobacteria	Gammaproteobacteria	Xanthomonadales	Xanthomonadaceae	Xanthomonas	Unknown
2551306034	Xanthomonas_axonopodis_pv._manihotis_AT6B	PA	PA	Xanthomonadaceae	Proteobacteria	Gammaproteobacteria	Xanthomonadales	Xanthomonadaceae	Xanthomonas	Unknown
2551306036	Xanthomonas_axonopodis_pv._manihotis_CFBP1851	PA	PA	Xanthomonadaceae	Proteobacteria	Gammaproteobacteria	Xanthomonadales	Xanthomonadaceae	Xanthomonas	Unknown
2551306006	Xanthomonas_axonopodis_pv._manihotis_IBSBF_2346	PA	PA	Xanthomonadaceae	Proteobacteria	Gammaproteobacteria	Xanthomonadales	Xanthomonadaceae	Xanthomonas	Unknown
2551306008	Xanthomonas_axonopodis_pv._manihotis_IBSBF_2539	PA	PA	Xanthomonadaceae	Proteobacteria	Gammaproteobacteria	Xanthomonadales	Xanthomonadaceae	Xanthomonas	Unknown
2548877084	Xanthomonas_axonopodis_pv._manihotis_IBSBF_2667	PA	PA	Xanthomonadaceae	Proteobacteria	Gammaproteobacteria	Xanthomonadales	Xanthomonadaceae	Xanthomonas	Unknown
2548877076	Xanthomonas_axonopodis_pv._manihotis_IBSBF_2670	PA	PA	Xanthomonadaceae	Proteobacteria	Gammaproteobacteria	Xanthomonadales	Xanthomonadaceae	Xanthomonas	Unknown
2551306002	Xanthomonas_axonopodis_pv._manihotis_IBSBF_2672	PA	PA	Xanthomonadaceae	Proteobacteria	Gammaproteobacteria	Xanthomonadales	Xanthomonadaceae	Xanthomonas	Unknown
2551306000	Xanthomonas_axonopodis_pv._manihotis_IBSBF_278	PA	PA	Xanthomonadaceae	Proteobacteria	Gammaproteobacteria	Xanthomonadales	Xanthomonadaceae	Xanthomonas	Unknown
2548877081	Xanthomonas_axonopodis_pv._manihotis_IBSBF_2816	PA	PA	Xanthomonadaceae	Proteobacteria	Gammaproteobacteria	Xanthomonadales	Xanthomonadaceae	Xanthomonas	Unknown
2551306004	Xanthomonas_axonopodis_pv._manihotis_IBSBF_2818	PA	PA	Xanthomonadaceae	Proteobacteria	Gammaproteobacteria	Xanthomonadales	Xanthomonadaceae	Xanthomonas	Unknown
2548877090	Xanthomonas_axonopodis_pv._manihotis_IBSBF_2820	PA	PA	Xanthomonadaceae	Proteobacteria	Gammaproteobacteria	Xanthomonadales	Xanthomonadaceae	Xanthomonas	Unknown
2548877072	Xanthomonas_axonopodis_pv._manihotis_IBSBF_285	PA	PA	Xanthomonadaceae	Proteobacteria	Gammaproteobacteria	Xanthomonadales	Xanthomonadaceae	Xanthomonas	Unknown
2548877082	Xanthomonas_axonopodis_pv._manihotis_IBSBF_289	PA	PA	Xanthomonadaceae	Proteobacteria	Gammaproteobacteria	Xanthomonadales	Xanthomonadaceae	Xanthomonas	Unknown
2548877071	Xanthomonas_axonopodis_pv._manihotis_IBSBF_320	PA	PA	Xanthomonadaceae	Proteobacteria	Gammaproteobacteria	Xanthomonadales	Xanthomonadaceae	Xanthomonas	Unknown
2548877088	Xanthomonas_axonopodis_pv._manihotis_IBSBF_436	PA	PA	Xanthomonadaceae	Proteobacteria	Gammaproteobacteria	Xanthomonadales	Xanthomonadaceae	Xanthomonas	Unknown
2551306007	Xanthomonas_axonopodis_pv._manihotis_IBSBF_726	PA	PA	Xanthomonadaceae	Proteobacteria	Gammaproteobacteria	Xanthomonadales	Xanthomonadaceae	Xanthomonas	Unknown
2548877094	Xanthomonas_axonopodis_pv._manihotis_NCPPB_1159	PA	PA	Xanthomonadaceae	Proteobacteria	Gammaproteobacteria	Xanthomonadales	Xanthomonadaceae	Xanthomonas	Unknown
2551306003	Xanthomonas_axonopodis_pv._manihotis_UA226	PA	PA	Xanthomonadaceae	Proteobacteria	Gammaproteobacteria	Xanthomonadales	Xanthomonadaceae	Xanthomonas	Unknown
2548877085	Xanthomonas_axonopodis_pv._manihotis_UA324	PA	PA	Xanthomonadaceae	Proteobacteria	Gammaproteobacteria	Xanthomonadales	Xanthomonadaceae	Xanthomonas	Unknown
2551306022	Xanthomonas_axonopodis_pv._manihotis_UA686	PA	PA	Xanthomonadaceae	Proteobacteria	Gammaproteobacteria	Xanthomonadales	Xanthomonadaceae	Xanthomonas	Unknown
2551306016	Xanthomonas_axonopodis_pv._manihotis_UG23	PA	PA	Xanthomonadaceae	Proteobacteria	Gammaproteobacteria	Xanthomonadales	Xanthomonadaceae	Xanthomonas	Unknown
2551306017	Xanthomonas_axonopodis_pv._manihotis_UG24	PA	PA	Xanthomonadaceae	Proteobacteria	Gammaproteobacteria	Xanthomonadales	Xanthomonadaceae	Xanthomonas	Unknown
2551306032	Xanthomonas_axonopodis_pv._manihotis_UG27	PA	PA	Xanthomonadaceae	Proteobacteria	Gammaproteobacteria	Xanthomonadales	Xanthomonadaceae	Xanthomonas	Unknown
2551306021	Xanthomonas_axonopodis_pv._manihotis_UG44	PA	PA	Xanthomonadaceae	Proteobacteria	Gammaproteobacteria	Xanthomonadales	Xanthomonadaceae	Xanthomonas	Unknown
2551306029	Xanthomonas_axonopodis_pv._manihotis_UG51	PA	PA	Xanthomonadaceae	Proteobacteria	Gammaproteobacteria	Xanthomonadales	Xanthomonadaceae	Xanthomonas	Unknown
2551306020	Xanthomonas_axonopodis_pv._manihotis_Xam1134	PA	PA	Xanthomonadaceae	Proteobacteria	Gammaproteobacteria	Xanthomonadales	Xanthomonadaceae	Xanthomonas	Unknown
2636416122	Xanthomonas_axonopodis_pv._vasculorum_NCPPB_900	PA	PA	Xanthomonadaceae	Proteobacteria	Gammaproteobacteria	Xanthomonadales	Xanthomonadaceae	Xanthomonas	Unknown
637000344	Xanthomonas_campestris_pv._Campestris	PA	PA	Xanthomonadaceae	Proteobacteria	Gammaproteobacteria	Xanthomonadales	Xanthomonadaceae	Xanthomonas	Unknown
642555169	Xanthomonas_campestris_pv._campestris_B100	PA	PA	Xanthomonadaceae	Proteobacteria	Gammaproteobacteria	Xanthomonadales	Xanthomonadaceae	Xanthomonas	Unknown
2623620747	Xanthomonas_campestris_pv._campestris_8004	PA	PA	Xanthomonadaceae	Proteobacteria	Gammaproteobacteria	Xanthomonadales	Xanthomonadaceae	Xanthomonas	Unknown
2554235203	Xanthomonas_campestris_pv._campestris_CN15	PA	PA	Xanthomonadaceae	Proteobacteria	Gammaproteobacteria	Xanthomonadales	Xanthomonadaceae	Xanthomonas	Unknown
2623620993	Xanthomonas_campestris_pv._vesicatoria_85-10	PA	PA	Xanthomonadaceae	Proteobacteria	Gammaproteobacteria	Xanthomonadales	Xanthomonadaceae	Xanthomonas	Unknown
2551306373	Xanthomonas_cassavae_CFBP_4642	PA	PA	Xanthomonadaceae	Proteobacteria	Gammaproteobacteria	Xanthomonadales	Xanthomonadaceae	Xanthomonas	Unknown
2561511166	Xanthomonas_citri_citri_Aw	PA	PA	Xanthomonadaceae	Proteobacteria	Gammaproteobacteria	Xanthomonadales	Xanthomonadaceae	Xanthomonas	Unknown
2554235009	Xanthomonas_citri_pv._malvacearum_X18	PA	PA	Xanthomonadaceae	Proteobacteria	Gammaproteobacteria	Xanthomonadales	Xanthomonadaceae	Xanthomonas	Unknown
2554235008	Xanthomonas_citri_pv._malvacearum_X20	PA	PA	Xanthomonadaceae	Proteobacteria	Gammaproteobacteria	Xanthomonadales	Xanthomonadaceae	Xanthomonas	Unknown
2600255026	Xanthomonas_citri_pv._mangiferaeindicae_LMG_941	PA	PA	Xanthomonadaceae	Proteobacteria	Gammaproteobacteria	Xanthomonadales	Xanthomonadaceae	Xanthomonas	Unknown
2554235375	Xanthomonas_fuscans_fuscans_4834-R	PA	PA	Xanthomonadaceae	Proteobacteria	Gammaproteobacteria	Xanthomonadales	Xanthomonadaceae	Xanthomonas	Unknown
2600255003	Xanthomonas_hortorum_pv._carotae_M081	PA	PA	Xanthomonadaceae	Proteobacteria	Gammaproteobacteria	Xanthomonadales	Xanthomonadaceae	Xanthomonas	Unknown
2513237179	Xanthomonas_oryzae_pv._oryzicola_BLS256	PA	PA	Xanthomonadaceae	Proteobacteria	Gammaproteobacteria	Xanthomonadales	Xanthomonadaceae	Xanthomonas	Unknown
2623620795	Xanthomonas_oryzae_pv._oryzae_KACC10331	PA	PA	Xanthomonadaceae	Proteobacteria	Gammaproteobacteria	Xanthomonadales	Xanthomonadaceae	Xanthomonas	Unknown
2623620768	Xanthomonas_oryzae_pv._oryzae_MAFF_311018	PA	PA	Xanthomonadaceae	Proteobacteria	Gammaproteobacteria	Xanthomonadales	Xanthomonadaceae	Xanthomonas	Unknown
642555170	Xanthomonas_oryzae_pv._oryzae_PXO99A	PA	PA	Xanthomonadaceae	Proteobacteria	Gammaproteobacteria	Xanthomonadales	Xanthomonadaceae	Xanthomonas	Unknown
2548876800	Xanthomonas_vasicola_pv._vasculorum_NCPPB_206	PA	PA	Xanthomonadaceae	Proteobacteria	Gammaproteobacteria	Xanthomonadales	Xanthomonadaceae	Xanthomonas	Unknown
2563367189	Xylella_fastidiosa_32	PA	PA	Xanthomonadaceae	Proteobacteria	Gammaproteobacteria	Xanthomonadales	Xanthomonadaceae	Xylella	Unknown
2563367080	Xylella_fastidiosa_6c	PA	PA	Xanthomonadaceae	Proteobacteria	Gammaproteobacteria	Xanthomonadales	Xanthomonadaceae	Xylella	Unknown
2623620748	Xylella_fastidiosa_9a5c	PA	PA	Xanthomonadaceae	Proteobacteria	Gammaproteobacteria	Xanthomonadales	Xanthomonadaceae	Xylella	Unknown
638341237	Xylella_fastidiosa_Dixon	PA	PA	Xanthomonadaceae	Proteobacteria	Gammaproteobacteria	Xanthomonadales	Xanthomonadaceae	Xylella	Unknown
2534681815	Xylella_fastidiosa_EB92.1	PA	PA	Xanthomonadaceae	Proteobacteria	Gammaproteobacteria	Xanthomonadales	Xanthomonadaceae	Xylella	Unknown
2510065069	Xylella_fastidiosa_Fb7	PA	PA	Xanthomonadaceae	Proteobacteria	Gammaproteobacteria	Xanthomonadales	Xanthomonadaceae	Xylella	Unknown
641522659	Xylella_fastidiosa_M12	PA	PA	Xanthomonadaceae	Proteobacteria	Gammaproteobacteria	Xanthomonadales	Xanthomonadaceae	Xylella	Unknown
641522660	Xylella_fastidiosa_M23	PA	PA	Xanthomonadaceae	Proteobacteria	Gammaproteobacteria	Xanthomonadales	Xanthomonadaceae	Xylella	Unknown
2585427629	Xylella_fastidiosa_MUL0034	PA	PA	Xanthomonadaceae	Proteobacteria	Gammaproteobacteria	Xanthomonadales	Xanthomonadaceae	Xylella	Unknown
2524614868	Xylella_fastidiosa_multiplex_ATCC_35871	PA	PA	Xanthomonadaceae	Proteobacteria	Gammaproteobacteria	Lysobacterales	Lysobacteraceae	Xylella	Unknown
2602041566	Xylella_fastidiosa_multiplex_Griffin-1	PA	PA	Xanthomonadaceae	Proteobacteria	Gammaproteobacteria	Xanthomonadales	Xanthomonadaceae	Xylella	Unknown
2585427635	Xylella_fastidiosa_sandyi_Ann-1	PA	PA	Xanthomonadaceae	Proteobacteria	Gammaproteobacteria	Xanthomonadales	Xanthomonadaceae	Xylella	Unknown
2623620796	Xylella_fastidiosa_Temecula1	PA	PA	Xanthomonadaceae	Proteobacteria	Gammaproteobacteria	Xanthomonadales	Xanthomonadaceae	Xylella	Unknown
2548877070	Xanthomonas_axonopodis_pv._manihotis_CIO1	PA	PA	Xanthomonadaceae	Proteobacteria	Gammaproteobacteria	Xanthomonadales	Xanthomonadaceae	Xanthomonas	Unknown